app_id,ccu,owners,avg_playtime_min,ccu_at_1yr,ccu_peak
1172470,124262,"100,000,000 .. 200,000,000",10086,269941.0,624473.0
1938090,67419,"50,000,000 .. 100,000,000",5291,179545.0,488897.0
1203220,66954,"10,000,000 .. 20,000,000",9926,140522.0,385770.0
1086940,54771,"20,000,000 .. 50,000,000",7523,123814.0,875343.0
553850,53399,"20,000,000 .. 50,000,000",5491,88277.0,458208.0
2252570,47931,"1,000,000 .. 2,000,000",35487,69348.0,88894.0
2669320,42032,"5,000,000 .. 10,000,000",8933,37507.0,108534.0
1245620,29529,"20,000,000 .. 50,000,000",8089,71938.0,952523.0
2878980,27486,"1,000,000 .. 2,000,000",8065,15265.0,56395.0
1222670,25276,"10,000,000 .. 20,000,000",1670,19884.0,96185.0
1091500,22265,"20,000,000 .. 50,000,000",4976,28864.0,830387.0
1599340,17355,"50,000,000 .. 100,000,000",4773,258184.0,1324761.0
2379780,17123,"2,000,000 .. 5,000,000",2736,28534.0,43825.0
1142710,16842,"2,000,000 .. 5,000,000",10413,52119.0,166519.0
427520,16426,"5,000,000 .. 10,000,000",9869,18174.0,118166.0
2358720,15004,"50,000,000 .. 100,000,000",3286,38311.0,2406967.0
1364780,14920,"2,000,000 .. 5,000,000",6251,52012.0,70540.0
261550,14477,"10,000,000 .. 20,000,000",8815,29981.0,248034.0
1158310,14302,"2,000,000 .. 5,000,000",8313,16877.0,98474.0
526870,12596,"10,000,000 .. 20,000,000",6219,33403.0,185957.0
1604030,10961,"5,000,000 .. 10,000,000",3484,51382.0,150645.0
1551360,10009,"5,000,000 .. 10,000,000",3786,16180.0,80745.0
2221490,9481,"1,000,000 .. 2,000,000",2712,5841.0,27482.0
1237950,9213,"2,000,000 .. 5,000,000",1165,2383.0,35321.0
2344520,8835,"1,000,000 .. 2,000,000",6517,39008.0,55561.0
1151340,8796,"2,000,000 .. 5,000,000",4683,7842.0,72930.0
1466060,8175,"200,000 .. 500,000",1491,175.0,25568.0
632360,7902,"5,000,000 .. 10,000,000",3574,9328.0,74945.0
1284190,7330,"1,000,000 .. 2,000,000",2528,10171.0,28380.0
1361210,7267,"2,000,000 .. 5,000,000",4715,18836.0,107450.0
1286830,6625,"5,000,000 .. 10,000,000",3479,11300.0,27416.0
1238810,6327,"10,000,000 .. 20,000,000",2298,53370.0,114017.0
1238840,6308,"5,000,000 .. 10,000,000",2112,21759.0,53107.0
899770,5831,"20,000,000 .. 50,000,000",4953,52463.0,258503.0
990080,5716,"20,000,000 .. 50,000,000",2151,28670.0,527652.0
1063730,5583,"50,000,000 .. 100,000,000",10209,84368.0,913027.0
1248130,5419,"2,000,000 .. 5,000,000",11820,41039.0,96402.0
949230,5392,"2,000,000 .. 5,000,000",5422,13645.0,76549.0
548430,5216,"5,000,000 .. 10,000,000",3409,11765.0,53558.0
2707930,5140,"0 .. 20,000",1461,10831.0,18122.0
2195250,5110,"5,000,000 .. 10,000,000",9939,36465.0,107109.0
1426210,5018,"5,000,000 .. 10,000,000",1050,21450.0,69976.0
1687950,4994,"2,000,000 .. 5,000,000",3697,11793.0,35298.0
239140,4953,"10,000,000 .. 20,000,000",2117,13534.0,45770.0
1293830,4864,"5,000,000 .. 10,000,000",2056,17716.0,75598.0
529340,4609,"1,000,000 .. 2,000,000",8980,17264.0,69663.0
1326470,4450,"10,000,000 .. 20,000,000",1432,31648.0,411804.0
1778820,4409,"1,000,000 .. 2,000,000",5865,9964.0,46139.0
1144200,4296,"5,000,000 .. 10,000,000",1359,16644.0,55174.0
1904540,4178,"2,000,000 .. 5,000,000",26403,39355.0,83572.0
1888930,4144,"1,000,000 .. 2,000,000",1252,1816.0,24521.0
1407200,3869,"1,000,000 .. 2,000,000",2696,5639.0,24057.0
2050650,3748,"5,000,000 .. 10,000,000",2084,8588.0,111172.0
1304930,3743,"2,000,000 .. 5,000,000",1557,7952.0,36332.0
1716740,3725,"2,000,000 .. 5,000,000",4097,18868.0,330597.0
1621690,3688,"1,000,000 .. 2,000,000",1831,6930.0,46355.0
1446780,3658,"5,000,000 .. 10,000,000",5212,47309.0,230942.0
1401590,3587,"500,000 .. 1,000,000",5914,9115.0,14314.0
2186680,3582,"10,000,000 .. 20,000,000",3167,9770.0,37094.0
686810,3380,"2,000,000 .. 5,000,000",3432,13706.0,21086.0
1868140,3367,"5,000,000 .. 10,000,000",1564,16179.0,98281.0
1284210,3277,"2,000,000 .. 5,000,000",3462,5835.0,10846.0
397540,3164,"2,000,000 .. 5,000,000",2578,12900.0,93597.0
1465360,3132,"1,000,000 .. 2,000,000",4219,4199.0,11958.0
1260320,3070,"2,000,000 .. 5,000,000",1181,20199.0,57806.0
933110,3016,"1,000,000 .. 2,000,000",2819,5228.0,18142.0
1794680,2966,"5,000,000 .. 10,000,000",2258,12076.0,77061.0
1517290,2774,"10,000,000 .. 20,000,000",2670,23335.0,107006.0
2071280,2578,"200,000 .. 500,000",1431,2782.0,8899.0
1290000,2547,"1,000,000 .. 2,000,000",2226,5221.0,14178.0
1190970,2543,"200,000 .. 500,000",1663,4363.0,21829.0
1384160,2463,"1,000,000 .. 2,000,000",4184,4581.0,30939.0
1328670,2420,"1,000,000 .. 2,000,000",3024,5070.0,59650.0
962130,2394,"2,000,000 .. 5,000,000",2143,10324.0,31923.0
1774580,2353,"1,000,000 .. 2,000,000",1890,3856.0,67583.0
1222140,2344,"2,000,000 .. 5,000,000",765,2446.0,25379.0
1240440,2275,"10,000,000 .. 20,000,000",1582,10355.0,256619.0
782330,2262,"5,000,000 .. 10,000,000",1516,8841.0,84865.0
1145360,2253,"5,000,000 .. 10,000,000",2177,11527.0,54015.0
1677280,2183,"1,000,000 .. 2,000,000",2995,3583.0,30243.0
304390,2146,"5,000,000 .. 10,000,000",4399,5141.0,216499.0
2488620,2067,"500,000 .. 1,000,000",2883,5720.0,13327.0
2215430,2025,"2,000,000 .. 5,000,000",2221,6370.0,77154.0
1167630,1984,"2,000,000 .. 5,000,000",1405,4027.0,8221.0
1145350,1838,"2,000,000 .. 5,000,000",2575,8475.0,112300.0
872410,1827,"1,000,000 .. 2,000,000",13123,5747.0,16482.0
2679460,1753,"1,000,000 .. 2,000,000",3619,3139.0,85194.0
1569040,1742,"2,000,000 .. 5,000,000",26858,38993.0,88706.0
2113850,1742,"200,000 .. 500,000",5709,3399.0,4167.0
2157560,1736,"200,000 .. 500,000",3241,985.0,7029.0
1669000,1707,"500,000 .. 1,000,000",3544,4614.0,42826.0
2161700,1683,"1,000,000 .. 2,000,000",3474,5198.0,36703.0
1876890,1679,"500,000 .. 1,000,000",3028,6743.0,22618.0
699130,1663,"1,000,000 .. 2,000,000",3025,3003.0,7943.0
1527950,1632,"1,000,000 .. 2,000,000",3873,4460.0,35769.0
1850570,1604,"1,000,000 .. 2,000,000",1692,2298.0,22020.0
1259420,1600,"2,000,000 .. 5,000,000",1993,4023.0,27380.0
1282100,1573,"1,000,000 .. 2,000,000",2422,8621.0,110756.0
1824220,1565,"2,000,000 .. 5,000,000",1898,3706.0,16901.0
1934680,1559,"500,000 .. 1,000,000",1798,8299.0,25815.0
1029690,1538,"2,000,000 .. 5,000,000",1469,4256.0,14794.0
1313140,1535,"2,000,000 .. 5,000,000",1138,3724.0,56262.0
1084600,1501,"500,000 .. 1,000,000",2387,3189.0,21620.0
1149460,1492,"500,000 .. 1,000,000",3131,5629.0,52305.0
427410,1458,"500,000 .. 1,000,000",2253,6136.0,29195.0
1325200,1441,"1,000,000 .. 2,000,000",4364,4453.0,41273.0
2231380,1430,"500,000 .. 1,000,000",1420,5770.0,14335.0
1244460,1413,"1,000,000 .. 2,000,000",1426,2799.0,20921.0
1449560,1391,"0 .. 20,000",729,2.0,7176.0
1222680,1385,"2,000,000 .. 5,000,000",1580,8003.0,85230.0
1593500,1380,"5,000,000 .. 10,000,000",1609,15447.0,73529.0
2208920,1379,"500,000 .. 1,000,000",2469,6329.0,18955.0
1129580,1366,"1,000,000 .. 2,000,000",2650,4949.0,31057.0
1627720,1363,"1,000,000 .. 2,000,000",1913,2720.0,29775.0
1158160,1328,"500,000 .. 1,000,000",2978,4554.0,15387.0
1506830,1319,"2,000,000 .. 5,000,000",10800,49251.0,108168.0
1092790,1301,"2,000,000 .. 5,000,000",1115,3444.0,17044.0
2321470,1300,"1,000,000 .. 2,000,000",1923,3104.0,56876.0
924970,1288,"1,000,000 .. 2,000,000",1800,6493.0,65873.0
1196590,1284,"2,000,000 .. 5,000,000",1230,2451.0,106631.0
2591280,1262,"100,000 .. 200,000",2050,2409.0,8092.0
2688950,1213,"200,000 .. 500,000",2187,2123.0,13648.0
1147560,1205,"1,000,000 .. 2,000,000",1836,3822.0,18876.0
1817070,1190,"2,000,000 .. 5,000,000",1624,6349.0,66093.0
2666510,1185,"200,000 .. 500,000",3325,1635.0,20876.0
1237970,1173,"5,000,000 .. 10,000,000",999,9360.0,27547.0
1238860,1153,"1,000,000 .. 2,000,000",1387,8383.0,12342.0
1971870,1149,"500,000 .. 1,000,000",1502,3923.0,26576.0
1263850,1122,"2,000,000 .. 5,000,000",21268,26878.0,93775.0
1940340,1054,"1,000,000 .. 2,000,000",1854,2119.0,23679.0
934700,1023,"500,000 .. 1,000,000",994,2835.0,18542.0
1888160,1011,"2,000,000 .. 5,000,000",2027,3234.0,156022.0
2420110,1005,"1,000,000 .. 2,000,000",2923,3658.0,40427.0
881020,996,"2,000,000 .. 5,000,000",3426,4723.0,113179.0
1044720,995,"1,000,000 .. 2,000,000",1817,4465.0,24874.0
1113000,962,"1,000,000 .. 2,000,000",2749,3466.0,29984.0
1336490,958,"500,000 .. 1,000,000",2450,3677.0,12832.0
1790600,949,"2,000,000 .. 5,000,000",1504,2329.0,120000.0
1210320,941,"1,000,000 .. 2,000,000",662,1262.0,10085.0
753640,928,"1,000,000 .. 2,000,000",795,1218.0,7936.0
975370,915,"2,000,000 .. 5,000,000",2661,1966.0,28288.0
362890,907,"2,000,000 .. 5,000,000",1183,1653.0,7116.0
1286680,866,"1,000,000 .. 2,000,000",1347,2656.0,14957.0
2000950,847,"1,000,000 .. 2,000,000",996,2018.0,3581.0
1501750,827,"1,000,000 .. 2,000,000",1635,681.0,32235.0
1845910,804,"2,000,000 .. 5,000,000",2521,1276.0,60656.0
2835570,793,"2,000,000 .. 5,000,000",700,2365.0,20135.0
2054970,768,"2,000,000 .. 5,000,000",2618,2626.0,228285.0
885970,764,"500,000 .. 1,000,000",1681,1249.0,18407.0
1462040,761,"1,000,000 .. 2,000,000",1628,1951.0,13803.0
1718570,742,"1,000,000 .. 2,000,000",3172,1747.0,7787.0
2515020,737,"500,000 .. 1,000,000",2350,2377.0,27313.0
920210,719,"1,000,000 .. 2,000,000",1120,2929.0,82446.0
1151640,700,"1,000,000 .. 2,000,000",1650,7280.0,49582.0
848450,698,"2,000,000 .. 5,000,000",2382,3149.0,42057.0
1057090,697,"2,000,000 .. 5,000,000",883,7920.0,31224.0
1030840,686,"1,000,000 .. 2,000,000",722,1603.0,36631.0
1097150,664,"20,000,000 .. 50,000,000",1370,21493.0,172026.0
2072450,655,"500,000 .. 1,000,000",4164,3609.0,46029.0
870780,648,"1,000,000 .. 2,000,000",869,1727.0,9078.0
1272080,644,"2,000,000 .. 5,000,000",1681,2956.0,69112.0
1985810,644,"500,000 .. 1,000,000",1623,2304.0,3637.0
784080,636,"500,000 .. 1,000,000",3992,1812.0,6472.0
2369390,627,"500,000 .. 1,000,000",1547,3619.0,19996.0
1809540,625,"1,000,000 .. 2,000,000",1014,2606.0,6493.0
1846380,618,"1,000,000 .. 2,000,000",1716,4299.0,14053.0
1651560,598,"200,000 .. 500,000",569,590.0,4228.0
1102190,595,"500,000 .. 1,000,000",1871,1785.0,14037.0
1054490,569,"100,000 .. 200,000",1836,535.0,1452.0
1213210,564,"1,000,000 .. 2,000,000",945,1708.0,29136.0
1072040,559,"100,000 .. 200,000",2735,1147.0,3459.0
1575940,544,"200,000 .. 500,000",1960,1664.0,13330.0
1030830,538,"2,000,000 .. 5,000,000",619,519.0,3818.0
1324130,538,"200,000 .. 500,000",2732,2716.0,8778.0
1601580,525,"500,000 .. 1,000,000",813,1105.0,14925.0
1562430,517,"1,000,000 .. 2,000,000",668,1077.0,12686.0
2108330,515,"1,000,000 .. 2,000,000",3162,4367.0,14432.0
2124490,514,"500,000 .. 1,000,000",1366,1690.0,21791.0
1244090,509,"500,000 .. 1,000,000",1234,519.0,8597.0
2440510,506,"1,000,000 .. 2,000,000",2367,979.0,4507.0
1451190,503,"500,000 .. 1,000,000",1410,1066.0,6858.0
1332010,498,"5,000,000 .. 10,000,000",399,1310.0,51455.0
850190,474,"200,000 .. 500,000",645,1201.0,3598.0
597180,474,"200,000 .. 500,000",1228,565.0,3565.0
1235140,470,"500,000 .. 1,000,000",2462,1876.0,9508.0
1659420,467,"500,000 .. 1,000,000",1185,1552.0,10733.0
668580,466,"1,000,000 .. 2,000,000",1008,1607.0,37222.0
1272320,464,"200,000 .. 500,000",882,904.0,5939.0
1222690,454,"1,000,000 .. 2,000,000",1711,2731.0,4937.0
1267540,448,"200,000 .. 500,000",197,44.0,2686.0
368260,436,"2,000,000 .. 5,000,000",1779,2568.0,15405.0
694280,431,"500,000 .. 1,000,000",896,1003.0,3279.0
1588010,430,"200,000 .. 500,000",3058,1991.0,3773.0
780290,430,"500,000 .. 1,000,000",2645,2265.0,6900.0
756800,429,"500,000 .. 1,000,000",747,2178.0,8104.0
1265820,426,"100,000 .. 200,000",1123,115.0,1449.0
1105670,424,"500,000 .. 1,000,000",2156,1231.0,6723.0
1629520,422,"200,000 .. 500,000",457,1167.0,3128.0
1124300,411,"1,000,000 .. 2,000,000",1943,2810.0,55232.0
1875830,410,"200,000 .. 500,000",2228,1599.0,21749.0
1488200,409,"500,000 .. 1,000,000",1190,1088.0,4368.0
1458140,406,"500,000 .. 1,000,000",846,1998.0,18428.0
1637320,402,"2,000,000 .. 5,000,000",633,2368.0,6487.0
1971650,398,"200,000 .. 500,000",2400,1332.0,16994.0
1096530,396,"1,000,000 .. 2,000,000",2167,3215.0,8291.0
2138710,394,"500,000 .. 1,000,000",572,1164.0,3136.0
1295500,378,"100,000 .. 200,000",999,272.0,2589.0
1817190,377,"1,000,000 .. 2,000,000",950,3324.0,12641.0
1676840,374,"500,000 .. 1,000,000",1532,2027.0,28528.0
1611910,373,"2,000,000 .. 5,000,000",1509,1419.0,12395.0
2933130,370,"200,000 .. 500,000",1310,1835.0,8735.0
2291060,369,"200,000 .. 500,000",3521,1687.0,18497.0
2231450,367,"1,000,000 .. 2,000,000",812,3667.0,8744.0
1455840,365,"1,000,000 .. 2,000,000",629,1294.0,7063.0
1084160,363,"200,000 .. 500,000",1497,1665.0,25332.0
760160,362,"2,000,000 .. 5,000,000",451,1746.0,29008.0
952060,362,"2,000,000 .. 5,000,000",693,1263.0,32635.0
2218750,361,"500,000 .. 1,000,000",1244,1442.0,26005.0
1372110,357,"200,000 .. 500,000",691,261.0,5023.0
2064650,354,"1,000,000 .. 2,000,000",1972,2513.0,7164.0
1282730,348,"1,000,000 .. 2,000,000",1175,2392.0,51078.0
1433140,336,"200,000 .. 500,000",2900,1322.0,17141.0
1245560,334,"200,000 .. 500,000",1246,352.0,6062.0
1128920,331,"1,000,000 .. 2,000,000",1331,1244.0,9735.0
1357210,330,"200,000 .. 500,000",4772,582.0,1422.0
1180660,328,"500,000 .. 1,000,000",526,227.0,2768.0
1127500,328,"500,000 .. 1,000,000",1027,730.0,9914.0
418530,313,"1,000,000 .. 2,000,000",1446,918.0,6937.0
1693980,313,"500,000 .. 1,000,000",870,1788.0,28842.0
493520,307,"2,000,000 .. 5,000,000",921,2102.0,18813.0
1785650,302,"200,000 .. 500,000",1624,560.0,3693.0
1071870,300,"500,000 .. 1,000,000",319,400.0,4915.0
1583230,299,"500,000 .. 1,000,000",530,928.0,11583.0
2315690,294,"200,000 .. 500,000",4045,2306.0,8721.0
2198150,291,"500,000 .. 1,000,000",207,643.0,8343.0
986130,286,"500,000 .. 1,000,000",867,691.0,3562.0
1268750,283,"1,000,000 .. 2,000,000",950,610.0,16065.0
898750,283,"500,000 .. 1,000,000",3402,650.0,16817.0
2005010,282,"200,000 .. 500,000",280,449.0,5255.0
1549970,281,"1,000,000 .. 2,000,000",771,2057.0,15550.0
1150440,276,"500,000 .. 1,000,000",1150,721.0,8893.0
1545560,273,"200,000 .. 500,000",904,197.0,3911.0
2840770,272,"100,000 .. 200,000",1065,1351.0,15120.0
763890,270,"1,000,000 .. 2,000,000",1169,2048.0,8091.0
1161580,270,"1,000,000 .. 2,000,000",1268,940.0,7718.0
2395210,267,"200,000 .. 500,000",451,222.0,1791.0
2561580,265,"50,000 .. 100,000",1141,1258.0,2523.0
851850,264,"1,000,000 .. 2,000,000",1729,1743.0,25715.0
1222700,262,"2,000,000 .. 5,000,000",687,1750.0,8548.0
861650,262,"500,000 .. 1,000,000",1821,395.0,1743.0
1782120,261,"500,000 .. 1,000,000",1156,648.0,6097.0
1135690,260,"500,000 .. 1,000,000",316,765.0,2039.0
1672970,260,"1,000,000 .. 2,000,000",1486,667.0,4020.0
1207650,258,"500,000 .. 1,000,000",1154,220.0,3333.0
1577120,256,"500,000 .. 1,000,000",600,420.0,6278.0
633230,255,"2,000,000 .. 5,000,000",1029,765.0,6303.0
2478970,252,"200,000 .. 500,000",1211,840.0,6759.0
1218210,250,"500,000 .. 1,000,000",948,300.0,3987.0
2187220,249,"100,000 .. 200,000",3055,860.0,4440.0
2853730,246,"50,000 .. 100,000",4334,1241.0,2581.0
1681430,238,"500,000 .. 1,000,000",592,575.0,4953.0
2140020,236,"500,000 .. 1,000,000",926,790.0,9555.0
1692250,234,"500,000 .. 1,000,000",2888,5095.0,23763.0
2058190,233,"500,000 .. 1,000,000",2892,749.0,2230.0
780310,231,"1,000,000 .. 2,000,000",1482,1438.0,21506.0
1157390,231,"500,000 .. 1,000,000",1556,407.0,5364.0
860510,229,"1,000,000 .. 2,000,000",451,424.0,10484.0
1644320,223,"100,000 .. 200,000",3233,511.0,3095.0
2698940,222,"200,000 .. 500,000",3175,1537.0,12746.0
1337520,220,"1,000,000 .. 2,000,000",967,385.0,41838.0
1088850,219,"500,000 .. 1,000,000",669,679.0,9826.0
719040,219,"500,000 .. 1,000,000",1888,1465.0,24545.0
1338770,217,"1,000,000 .. 2,000,000",591,1424.0,6961.0
1641960,215,"200,000 .. 500,000",1446,415.0,5601.0
979690,211,"1,000,000 .. 2,000,000",460,1168.0,13930.0
960990,210,"1,000,000 .. 2,000,000",553,410.0,3306.0
1735700,209,"200,000 .. 500,000",1667,319.0,9624.0
1259980,209,"500,000 .. 1,000,000",1097,626.0,2867.0
1113560,207,"500,000 .. 1,000,000",1522,892.0,28509.0
1937500,205,"200,000 .. 500,000",1026,606.0,7240.0
1262580,204,"1,000,000 .. 2,000,000",812,1032.0,12152.0
1496790,204,"500,000 .. 1,000,000",872,1236.0,23923.0
2455640,204,"100,000 .. 200,000",2118,931.0,16418.0
1605220,203,"1,000,000 .. 2,000,000",1125,644.0,7986.0
1321440,202,"0 .. 20,000",768,623.0,2764.0
2114740,202,"500,000 .. 1,000,000",1020,1132.0,9011.0
546560,202,"2,000,000 .. 5,000,000",633,1881.0,16459.0
2058180,202,"1,000,000 .. 2,000,000",1888,676.0,5604.0
745920,200,"500,000 .. 1,000,000",2005,1759.0,39501.0
1382330,199,"1,000,000 .. 2,000,000",1111,481.0,8654.0
960910,199,"500,000 .. 1,000,000",395,193.0,2643.0
1199030,199,"200,000 .. 500,000",5753,179.0,3270.0
1498570,199,"200,000 .. 500,000",1789,2035.0,8205.0
2239550,197,"200,000 .. 500,000",1470,844.0,4997.0
2000890,197,"100,000 .. 200,000",2548,310.0,5548.0
874390,194,"500,000 .. 1,000,000",559,164.0,535.0
2401970,194,"100,000 .. 200,000",2051,454.0,4419.0
1089090,191,"1,000,000 .. 2,000,000",3621,1399.0,7222.0
1649080,191,"500,000 .. 1,000,000",928,2941.0,7510.0
736820,189,"100,000 .. 200,000",1457,1335.0,6034.0
1487210,184,"50,000 .. 100,000",1155,328.0,509.0
1451090,184,"200,000 .. 500,000",1646,585.0,10671.0
1280930,184,"200,000 .. 500,000",917,799.0,2409.0
990630,183,"500,000 .. 1,000,000",252,225.0,1381.0
1341290,183,"500,000 .. 1,000,000",620,682.0,8369.0
1016920,182,"1,000,000 .. 2,000,000",332,1085.0,9651.0
740130,182,"2,000,000 .. 5,000,000",1901,2360.0,60274.0
1369630,181,"1,000,000 .. 2,000,000",1107,922.0,6332.0
1896700,181,"50,000 .. 100,000",2377,248.0,629.0
1351080,178,"200,000 .. 500,000",478,809.0,6250.0
680420,178,"2,000,000 .. 5,000,000",2430,1965.0,125123.0
1062810,178,"200,000 .. 500,000",1603,200.0,3165.0
839770,177,"200,000 .. 500,000",1984,1059.0,4969.0
2725260,176,"200,000 .. 500,000",1596,1553.0,14134.0
1426450,176,"200,000 .. 500,000",1396,433.0,6458.0
1158850,175,"200,000 .. 500,000",2427,621.0,2520.0
1139900,174,"2,000,000 .. 5,000,000",429,1329.0,5033.0
2290180,171,"500,000 .. 1,000,000",358,1503.0,8043.0
1205970,170,"50,000 .. 100,000",1242,135.0,694.0
1253920,167,"1,000,000 .. 2,000,000",1546,1097.0,22811.0
814370,166,"500,000 .. 1,000,000",1767,584.0,1376.0
1121640,164,"200,000 .. 500,000",662,463.0,5711.0
1147860,163,"100,000 .. 200,000",995,397.0,4034.0
2084000,162,"200,000 .. 500,000",698,645.0,1844.0
1202130,162,"200,000 .. 500,000",932,564.0,8089.0
3035570,162,"200,000 .. 500,000",877,1488.0,7837.0
2155180,161,"200,000 .. 500,000",422,735.0,6421.0
788100,161,"2,000,000 .. 5,000,000",1165,3919.0,6259.0
1522820,161,"1,000,000 .. 2,000,000",775,1960.0,13129.0
1536620,161,"0 .. 20,000",437,130.0,468.0
1533420,160,"200,000 .. 500,000",977,404.0,3238.0
1562700,160,"500,000 .. 1,000,000",911,472.0,7623.0
2933080,160,"200,000 .. 500,000",633,688.0,7586.0
1043810,159,"200,000 .. 500,000",470,193.0,4741.0
315210,159,"500,000 .. 1,000,000",668,793.0,13459.0
1448440,151,"1,000,000 .. 2,000,000",2506,993.0,75373.0
700600,151,"500,000 .. 1,000,000",1313,663.0,26509.0
578650,150,"1,000,000 .. 2,000,000",1223,2310.0,16900.0
1556790,149,"200,000 .. 500,000",789,332.0,5408.0
1931770,149,"200,000 .. 500,000",462,519.0,1570.0
835960,149,"200,000 .. 500,000",1715,573.0,7258.0
1887840,147,"200,000 .. 500,000",734,843.0,4692.0
1484280,147,"0 .. 20,000",549,87.0,386.0
257420,145,"1,000,000 .. 2,000,000",834,309.0,6485.0
1466640,144,"500,000 .. 1,000,000",354,312.0,2260.0
1237320,144,"500,000 .. 1,000,000",1001,1911.0,19104.0
2076010,144,"100,000 .. 200,000",1249,732.0,2165.0
1353230,140,"200,000 .. 500,000",755,368.0,6915.0
2996040,139,"200,000 .. 500,000",536,151.0,1455.0
1182900,136,"500,000 .. 1,000,000",985,475.0,4903.0
1556100,135,"50,000 .. 100,000",670,173.0,3335.0
1574580,134,"500,000 .. 1,000,000",361,313.0,1343.0
1262560,133,"1,000,000 .. 2,000,000",288,286.0,1934.0
1113120,133,"1,000,000 .. 2,000,000",2214,1214.0,17143.0
1337760,129,"200,000 .. 500,000",959,284.0,4894.0
1531540,129,"100,000 .. 200,000",3334,452.0,4974.0
1378990,127,"200,000 .. 500,000",780,166.0,454.0
629820,126,"500,000 .. 1,000,000",599,840.0,4158.0
1262540,125,"1,000,000 .. 2,000,000",686,639.0,1438.0
867210,121,"1,000,000 .. 2,000,000",809,790.0,4167.0
2229870,121,"0 .. 20,000",263,455.0,1287.0
1164940,120,"500,000 .. 1,000,000",366,719.0,1900.0
1249970,120,"100,000 .. 200,000",2297,664.0,3881.0
793460,119,"100,000 .. 200,000",788,147.0,1646.0
1277400,118,"2,000,000 .. 5,000,000",3326,992.0,34947.0
1581770,117,"100,000 .. 200,000",760,305.0,3663.0
610370,116,"500,000 .. 1,000,000",1056,838.0,5997.0
1643310,116,"200,000 .. 500,000",1033,495.0,3122.0
1328660,116,"1,000,000 .. 2,000,000",513,417.0,1204.0
1041720,114,"1,000,000 .. 2,000,000",1248,567.0,6219.0
1458100,114,"200,000 .. 500,000",1890,460.0,801.0
553420,114,"1,000,000 .. 2,000,000",980,370.0,2501.0
1811990,114,"500,000 .. 1,000,000",1308,321.0,5064.0
858820,113,"2,000,000 .. 5,000,000",795,3477.0,30930.0
1684350,113,"200,000 .. 500,000",768,210.0,2733.0
807120,112,"500,000 .. 1,000,000",5954,518.0,4238.0
1658280,112,"100,000 .. 200,000",1205,364.0,8338.0
1408610,110,"200,000 .. 500,000",1331,713.0,5838.0
1065310,109,"1,000,000 .. 2,000,000",404,329.0,3059.0
1262350,108,"1,000,000 .. 2,000,000",444,522.0,862.0
1547890,108,"200,000 .. 500,000",736,,
1262240,108,"1,000,000 .. 2,000,000",523,541.0,3966.0
1658150,107,"0 .. 20,000",1092,376.0,3436.0
757320,106,"200,000 .. 500,000",1176,227.0,767.0
1805480,104,"100,000 .. 200,000",1790,362.0,8378.0
536270,103,"200,000 .. 500,000",613,325.0,2841.0
377300,102,"1,000,000 .. 2,000,000",187,149.0,6382.0
1585180,102,"200,000 .. 500,000",1161,772.0,2717.0
1229240,102,"200,000 .. 500,000",1469,532.0,2198.0
1963570,102,"100,000 .. 200,000",574,117.0,2986.0
1951410,101,"100,000 .. 200,000",542,419.0,1408.0
1649950,100,"100,000 .. 200,000",978,333.0,3613.0
837470,100,"1,000,000 .. 2,000,000",190,522.0,1981.0
2751000,100,"200,000 .. 500,000",627,548.0,1446.0
1003590,99,"500,000 .. 1,000,000",1172,263.0,1253.0
970830,99,"500,000 .. 1,000,000",869,388.0,4622.0
1593030,99,"200,000 .. 500,000",449,230.0,4540.0
933820,99,"500,000 .. 1,000,000",756,954.0,6374.0
656350,98,"500,000 .. 1,000,000",1393,578.0,3234.0
1475810,97,"1,000,000 .. 2,000,000",788,1069.0,14082.0
2230110,97,"100,000 .. 200,000",1266,343.0,5690.0
607080,97,"500,000 .. 1,000,000",789,184.0,7234.0
1211630,97,"100,000 .. 200,000",495,1173.0,10435.0
674140,97,"500,000 .. 1,000,000",556,141.0,1088.0
1099410,96,"200,000 .. 500,000",1770,420.0,4638.0
1351240,96,"100,000 .. 200,000",469,409.0,1115.0
1895880,95,"500,000 .. 1,000,000",863,839.0,8038.0
1163550,95,"200,000 .. 500,000",1265,162.0,3630.0
826630,93,"1,000,000 .. 2,000,000",664,813.0,8145.0
1701520,93,"200,000 .. 500,000",715,428.0,2056.0
1740720,91,"200,000 .. 500,000",650,230.0,2481.0
1094520,90,"1,000,000 .. 2,000,000",1444,1792.0,21047.0
1238820,90,"1,000,000 .. 2,000,000",544,265.0,1412.0
682990,89,"1,000,000 .. 2,000,000",1093,473.0,7520.0
1574820,88,"100,000 .. 200,000",748,300.0,626.0
1388590,88,"200,000 .. 500,000",1670,227.0,1607.0
1850510,88,"100,000 .. 200,000",1255,271.0,1971.0
1817230,87,"500,000 .. 1,000,000",575,661.0,6043.0
1985820,87,"100,000 .. 200,000",846,423.0,625.0
1493640,86,"500,000 .. 1,000,000",1430,619.0,3779.0
482400,86,"500,000 .. 1,000,000",612,390.0,7808.0
2172010,85,"50,000 .. 100,000",856,318.0,2581.0
1123770,84,"500,000 .. 1,000,000",735,250.0,2971.0
1649240,84,"500,000 .. 1,000,000",972,330.0,6643.0
1413480,83,"100,000 .. 200,000",2160,178.0,1892.0
1715130,83,"500,000 .. 1,000,000",293,498.0,1212.0
1656780,82,"500,000 .. 1,000,000",756,,
2138610,82,"20,000 .. 50,000",2887,34.0,2073.0
1238060,81,"500,000 .. 1,000,000",697,883.0,1083.0
1382070,81,"200,000 .. 500,000",202,174.0,607.0
1295920,80,"200,000 .. 500,000",304,207.0,1378.0
1020790,80,"100,000 .. 200,000",610,250.0,1663.0
2703850,80,"200,000 .. 500,000",532,277.0,916.0
1222730,79,"1,000,000 .. 2,000,000",418,375.0,35721.0
2287220,79,"100,000 .. 200,000",2755,758.0,6352.0
1677350,77,"200,000 .. 500,000",1967,697.0,1363.0
2375550,77,"200,000 .. 500,000",1548,626.0,13737.0
1624540,76,"200,000 .. 500,000",189,221.0,1475.0
1388880,76,"500,000 .. 1,000,000",1557,312.0,6912.0
2221920,75,"200,000 .. 500,000",694,939.0,2288.0
1839950,75,"100,000 .. 200,000",4172,311.0,2382.0
1983260,75,"100,000 .. 200,000",547,136.0,486.0
813230,75,"200,000 .. 500,000",584,446.0,8107.0
2052040,74,"0 .. 20,000",407,69.0,286.0
601840,74,"500,000 .. 1,000,000",1049,581.0,7545.0
1177980,74,"200,000 .. 500,000",339,352.0,2936.0
1703340,73,"1,000,000 .. 2,000,000",293,636.0,6477.0
1260520,73,"100,000 .. 200,000",476,169.0,581.0
2272900,73,"50,000 .. 100,000",305,68.0,2670.0
1220140,73,"200,000 .. 500,000",1033,424.0,2240.0
1252330,73,"1,000,000 .. 2,000,000",825,1074.0,20050.0
973810,72,"200,000 .. 500,000",372,100.0,2149.0
2750080,72,"20,000 .. 50,000",2080,206.0,888.0
987840,72,"500,000 .. 1,000,000",1535,554.0,9731.0
985890,72,"500,000 .. 1,000,000",1303,430.0,6042.0
1148760,71,"200,000 .. 500,000",1959,215.0,682.0
1179580,71,"500,000 .. 1,000,000",639,186.0,5001.0
742420,71,"200,000 .. 500,000",703,312.0,2975.0
1469610,71,"100,000 .. 200,000",1127,548.0,5650.0
2369900,71,"50,000 .. 100,000",870,141.0,1781.0
1902690,70,"100,000 .. 200,000",1221,609.0,9254.0
1227690,69,"500,000 .. 1,000,000",180,133.0,1159.0
1128860,69,"200,000 .. 500,000",1575,280.0,3579.0
2475490,69,"500,000 .. 1,000,000",178,280.0,1241.0
882100,68,"1,000,000 .. 2,000,000",796,588.0,20701.0
803050,68,"200,000 .. 500,000",1267,307.0,8256.0
1874170,68,"200,000 .. 500,000",1349,275.0,677.0
1257290,68,"50,000 .. 100,000",2094,140.0,3941.0
2477340,68,"200,000 .. 500,000",535,1395.0,2726.0
1672500,68,"200,000 .. 500,000",2074,182.0,27033.0
2396240,66,"50,000 .. 100,000",2229,189.0,1276.0
1049410,65,"1,000,000 .. 2,000,000",181,543.0,1255.0
1150530,65,"100,000 .. 200,000",523,218.0,3844.0
790710,64,"1,000,000 .. 2,000,000",7459,234.0,680.0
2144740,64,"500,000 .. 1,000,000",322,466.0,1969.0
2109370,63,"100,000 .. 200,000",935,258.0,3553.0
2436570,63,"20,000 .. 50,000",102,154.0,702.0
2296990,63,"1,000,000 .. 2,000,000",154,500.0,22179.0
1702330,62,"100,000 .. 200,000",1042,242.0,2680.0
1587130,61,"200,000 .. 500,000",841,258.0,1085.0
1590910,61,"500,000 .. 1,000,000",283,74.0,319.0
900040,61,"200,000 .. 500,000",1574,546.0,8194.0
1944430,61,"200,000 .. 500,000",359,177.0,1520.0
774181,60,"500,000 .. 1,000,000",457,,
1276760,60,"200,000 .. 500,000",340,876.0,4054.0
1608070,59,"500,000 .. 1,000,000",788,414.0,8043.0
1580240,59,"200,000 .. 500,000",930,230.0,1261.0
1602010,59,"200,000 .. 500,000",774,142.0,5628.0
1040230,58,"500,000 .. 1,000,000",1433,336.0,3043.0
1374840,58,"200,000 .. 500,000",752,194.0,2037.0
775500,58,"1,000,000 .. 2,000,000",825,824.0,14479.0
758870,57,"100,000 .. 200,000",894,140.0,2248.0
978300,57,"50,000 .. 100,000",612,199.0,1542.0
2603020,57,"50,000 .. 100,000",299,63.0,831.0
1274600,56,"100,000 .. 200,000",733,119.0,2056.0
1939970,56,"500,000 .. 1,000,000",374,128.0,1119.0
2008920,56,"100,000 .. 200,000",852,134.0,559.0
1307710,56,"100,000 .. 200,000",943,209.0,455.0
1237980,55,"1,000,000 .. 2,000,000",232,115.0,594.0
1818750,55,"5,000,000 .. 10,000,000",675,84.0,153044.0
1874490,55,"500,000 .. 1,000,000",1898,150.0,4570.0
1024650,54,"20,000 .. 50,000",1593,360.0,1107.0
918570,54,"2,000,000 .. 5,000,000",308,366.0,12222.0
894020,54,"500,000 .. 1,000,000",622,425.0,3740.0
969990,52,"1,000,000 .. 2,000,000",462,378.0,5058.0
1358700,52,"100,000 .. 200,000",959,359.0,2512.0
1796220,51,"100,000 .. 200,000",576,76.0,631.0
1677770,51,"500,000 .. 1,000,000",591,236.0,587.0
874260,51,"500,000 .. 1,000,000",373,97.0,585.0
1434950,51,"500,000 .. 1,000,000",1038,175.0,1683.0
936790,51,"500,000 .. 1,000,000",895,197.0,7428.0
1515210,51,"1,000,000 .. 2,000,000",162,703.0,11533.0
1202200,50,"100,000 .. 200,000",443,266.0,1506.0
1361510,50,"200,000 .. 500,000",425,232.0,8700.0
604540,50,"200,000 .. 500,000",833,675.0,7728.0
2634890,50,"50,000 .. 100,000",719,146.0,2019.0
1712350,50,"100,000 .. 200,000",538,75.0,1659.0
907650,49,"200,000 .. 500,000",1099,296.0,4122.0
1760250,49,"200,000 .. 500,000",2709,1594.0,6024.0
893850,49,"200,000 .. 500,000",2569,229.0,1051.0
1668510,49,"20,000 .. 50,000",2533,123.0,794.0
1227530,49,"500,000 .. 1,000,000",569,710.0,3051.0
981430,48,"200,000 .. 500,000",1578,212.0,1883.0
897450,48,"200,000 .. 500,000",453,674.0,3518.0
2380050,48,"200,000 .. 500,000",589,363.0,4009.0
1623070,48,"50,000 .. 100,000",471,135.0,732.0
977880,48,"500,000 .. 1,000,000",753,284.0,12296.0
1422440,47,"200,000 .. 500,000",345,159.0,3129.0
1480560,47,"100,000 .. 200,000",634,222.0,2053.0
2272250,47,"20,000 .. 50,000",257,49.0,292.0
1276790,46,"500,000 .. 1,000,000",884,490.0,16297.0
1225570,46,"500,000 .. 1,000,000",224,190.0,933.0
1544020,46,"1,000,000 .. 2,000,000",793,767.0,15556.0
2067050,46,"100,000 .. 200,000",193,96.0,2114.0
1599660,46,"100,000 .. 200,000",457,229.0,729.0
1061910,45,"1,000,000 .. 2,000,000",232,184.0,2682.0
1069160,44,"500,000 .. 1,000,000",492,69.0,1321.0
2638370,44,"200,000 .. 500,000",369,66.0,5690.0
1184050,44,"200,000 .. 500,000",869,410.0,6401.0
1178830,44,"1,000,000 .. 2,000,000",207,439.0,13637.0
550320,44,"50,000 .. 100,000",309,84.0,421.0
1030210,44,"500,000 .. 1,000,000",729,840.0,3849.0
1281590,44,"500,000 .. 1,000,000",390,339.0,4573.0
2021880,44,"20,000 .. 50,000",4415,395.0,3449.0
2527390,44,"100,000 .. 200,000",501,66.0,4979.0
953490,44,"1,000,000 .. 2,000,000",246,339.0,3730.0
1954200,43,"1,000,000 .. 2,000,000",451,344.0,2618.0
1076200,43,"200,000 .. 500,000",1135,204.0,2517.0
1794960,43,"500,000 .. 1,000,000",682,262.0,2648.0
1716120,43,"20,000 .. 50,000",941,72.0,1293.0
1268590,42,"100,000 .. 200,000",1215,158.0,5907.0
2356560,42,"20,000 .. 50,000",1174,193.0,1977.0
1436700,42,"200,000 .. 500,000",900,275.0,1554.0
1262600,42,"1,000,000 .. 2,000,000",597,193.0,415.0
1446650,42,"50,000 .. 100,000",1851,207.0,2169.0
1386780,42,"100,000 .. 200,000",1164,227.0,968.0
1755910,42,"1,000,000 .. 2,000,000",312,37.0,458580.0
1668540,42,"20,000 .. 50,000",2364,184.0,2257.0
1556200,42,"200,000 .. 500,000",1354,160.0,1491.0
2637990,41,"100,000 .. 200,000",123,147.0,415.0
1771980,41,"500,000 .. 1,000,000",296,64.0,1122.0
1582650,40,"200,000 .. 500,000",336,89.0,748.0
1136370,40,"200,000 .. 500,000",548,160.0,2983.0
1668520,40,"20,000 .. 50,000",2192,95.0,884.0
1272160,40,"200,000 .. 500,000",715,194.0,1544.0
1340480,40,"200,000 .. 500,000",471,88.0,685.0
1170080,40,"100,000 .. 200,000",542,112.0,609.0
1552350,39,"200,000 .. 500,000",381,515.0,4635.0
1233570,39,"500,000 .. 1,000,000",1554,322.0,1427.0
988910,39,"100,000 .. 200,000",1209,258.0,680.0
1205520,39,"200,000 .. 500,000",828,190.0,1250.0
1283410,39,"200,000 .. 500,000",531,244.0,1537.0
750130,38,"200,000 .. 500,000",462,208.0,958.0
1567020,38,"200,000 .. 500,000",439,190.0,3596.0
2071500,38,"100,000 .. 200,000",1159,101.0,7662.0
1194630,38,"200,000 .. 500,000",378,534.0,4978.0
956030,38,"200,000 .. 500,000",379,57.0,361.0
1937780,38,"200,000 .. 500,000",998,184.0,4858.0
1675830,37,"200,000 .. 500,000",353,153.0,278.0
738520,37,"1,000,000 .. 2,000,000",654,147.0,6800.0
1939160,37,"200,000 .. 500,000",982,141.0,3074.0
1356670,37,"200,000 .. 500,000",1273,389.0,6953.0
1967430,37,"100,000 .. 200,000",617,122.0,1459.0
1395030,37,"100,000 .. 200,000",402,16.0,175.0
597820,37,"1,000,000 .. 2,000,000",922,681.0,36397.0
2741560,37,"100,000 .. 200,000",35,108.0,516.0
895620,36,"200,000 .. 500,000",823,348.0,2179.0
1578650,36,"500,000 .. 1,000,000",329,196.0,698.0
1812090,36,"50,000 .. 100,000",328,124.0,247.0
1140270,36,"200,000 .. 500,000",394,307.0,1153.0
466630,36,"200,000 .. 500,000",173,88.0,160.0
2012510,36,"1,000,000 .. 2,000,000",158,412.0,4456.0
1115690,36,"500,000 .. 1,000,000",314,194.0,2628.0
1355090,35,"50,000 .. 100,000",421,104.0,892.0
1123050,35,"200,000 .. 500,000",641,57.0,1983.0
1874000,34,"100,000 .. 200,000",801,115.0,8505.0
1282150,34,"200,000 .. 500,000",312,75.0,1334.0
2370170,34,"0 .. 20,000",1809,87.0,190.0
2510710,34,"100,000 .. 200,000",1396,40.0,1567.0
1240210,34,"500,000 .. 1,000,000",380,535.0,1327.0
1147550,33,"1,000,000 .. 2,000,000",513,303.0,848.0
2446550,33,"500,000 .. 1,000,000",346,49.0,6772.0
2111190,33,"200,000 .. 500,000",252,94.0,784.0
2238900,33,"100,000 .. 200,000",1918,207.0,8019.0
1137300,33,"200,000 .. 500,000",581,172.0,1271.0
2445990,33,"20,000 .. 50,000",991,82.0,673.0
1291340,33,"1,000,000 .. 2,000,000",191,330.0,1162.0
690040,32,"1,000,000 .. 2,000,000",299,110.0,3718.0
1570010,32,"200,000 .. 500,000",299,153.0,706.0
1354830,32,"100,000 .. 200,000",420,95.0,570.0
1840080,32,"500,000 .. 1,000,000",539,90.0,4315.0
998740,32,"200,000 .. 500,000",1296,235.0,1233.0
1222370,32,"500,000 .. 1,000,000",408,262.0,5452.0
1004750,32,"200,000 .. 500,000",218,73.0,678.0
1451810,32,"50,000 .. 100,000",325,127.0,1004.0
2230650,32,"100,000 .. 200,000",1326,223.0,5378.0
1622910,31,"200,000 .. 500,000",300,401.0,729.0
1622900,31,"200,000 .. 500,000",1135,108.0,4752.0
1238880,31,"200,000 .. 500,000",521,89.0,282.0
1766740,31,"500,000 .. 1,000,000",203,313.0,4033.0
1100410,31,"200,000 .. 500,000",977,97.0,810.0
2195410,31,"100,000 .. 200,000",552,247.0,1406.0
2111170,31,"0 .. 20,000",1075,118.0,1528.0
1590760,30,"200,000 .. 500,000",540,40.0,944.0
1816300,30,"50,000 .. 100,000",1227,170.0,3354.0
1072500,30,"100,000 .. 200,000",301,86.0,427.0
1271100,30,"0 .. 20,000",463,10.0,103.0
924980,30,"200,000 .. 500,000",1560,442.0,6794.0
1335790,30,"500,000 .. 1,000,000",291,364.0,1066.0
1540210,30,"20,000 .. 50,000",354,,
1998340,30,"20,000 .. 50,000",5766,70.0,859.0
424370,30,"1,000,000 .. 2,000,000",2198,1658.0,127542.0
1585220,29,"200,000 .. 500,000",228,141.0,322.0
1644940,29,"100,000 .. 200,000",568,118.0,368.0
1135300,29,"200,000 .. 500,000",971,172.0,5919.0
1792250,29,"500,000 .. 1,000,000",277,131.0,1505.0
1283400,29,"200,000 .. 500,000",537,130.0,2799.0
1287840,29,"200,000 .. 500,000",651,307.0,2539.0
824600,28,"200,000 .. 500,000",318,37.0,438.0
2305840,28,"100,000 .. 200,000",420,299.0,2396.0
2878600,28,"200,000 .. 500,000",401,154.0,3977.0
921800,28,"200,000 .. 500,000",945,356.0,3743.0
1029210,28,"100,000 .. 200,000",1278,132.0,749.0
2490990,28,"100,000 .. 200,000",2630,99.0,6947.0
751630,28,"100,000 .. 200,000",764,191.0,872.0
1266700,27,"100,000 .. 200,000",460,94.0,2866.0
1328350,27,"200,000 .. 500,000",446,63.0,644.0
798490,27,"200,000 .. 500,000",345,378.0,1664.0
553540,27,"200,000 .. 500,000",1061,151.0,5607.0
2085000,27,"0 .. 20,000",75,78.0,1689.0
1432050,27,"200,000 .. 500,000",703,575.0,3489.0
1133760,27,"100,000 .. 200,000",441,159.0,2200.0
850320,27,"20,000 .. 50,000",109,27.0,483.0
1619520,26,"100,000 .. 200,000",1375,82.0,1356.0
651670,26,"200,000 .. 500,000",490,100.0,1772.0
2379390,26,"200,000 .. 500,000",307,210.0,2338.0
2223840,26,"100,000 .. 200,000",235,85.0,1952.0
1392960,26,"50,000 .. 100,000",1224,164.0,1110.0
916840,26,"500,000 .. 1,000,000",358,251.0,1366.0
2021210,26,"0 .. 20,000",2024,37.0,562.0
2719200,26,"0 .. 20,000",462,85.0,304.0
1097200,26,"500,000 .. 1,000,000",321,62.0,4996.0
1167750,26,"100,000 .. 200,000",253,99.0,690.0
958400,26,"200,000 .. 500,000",1747,240.0,704.0
1938010,26,"200,000 .. 500,000",1700,226.0,28475.0
1977170,25,"200,000 .. 500,000",321,133.0,350.0
1898290,25,"100,000 .. 200,000",216,71.0,1271.0
1999770,25,"100,000 .. 200,000",1995,272.0,7118.0
1956040,25,"100,000 .. 200,000",512,71.0,1712.0
2366980,25,"200,000 .. 500,000",179,109.0,655.0
1419160,25,"200,000 .. 500,000",1188,51.0,1400.0
2481020,25,"20,000 .. 50,000",382,39.0,92.0
1522160,25,"50,000 .. 100,000",465,77.0,726.0
1610440,25,"200,000 .. 500,000",628,208.0,565.0
964800,25,"200,000 .. 500,000",322,81.0,716.0
1097130,25,"200,000 .. 500,000",428,64.0,381.0
1903620,25,"500,000 .. 1,000,000",302,128.0,337.0
1978590,25,"50,000 .. 100,000",138,93.0,1072.0
914800,24,"200,000 .. 500,000",335,218.0,673.0
1138660,24,"200,000 .. 500,000",813,175.0,1817.0
1634860,24,"200,000 .. 500,000",583,206.0,1340.0
1574240,24,"200,000 .. 500,000",991,108.0,1121.0
1920480,24,"50,000 .. 100,000",784,85.0,826.0
1196470,24,"200,000 .. 500,000",2044,418.0,3822.0
465200,24,"20,000 .. 50,000",178,98.0,497.0
594330,24,"200,000 .. 500,000",262,279.0,1164.0
1286350,24,"500,000 .. 1,000,000",399,204.0,1540.0
1203710,24,"200,000 .. 500,000",340,50.0,432.0
1289380,24,"200,000 .. 500,000",1408,118.0,2141.0
2243710,24,"0 .. 20,000",1111,89.0,362.0
2386310,24,"50,000 .. 100,000",162,35.0,272.0
1038250,24,"200,000 .. 500,000",388,162.0,1200.0
1037020,24,"200,000 .. 500,000",235,31.0,814.0
2102450,24,"50,000 .. 100,000",972,98.0,764.0
1449200,23,"200,000 .. 500,000",1187,103.0,2815.0
1082430,23,"200,000 .. 500,000",125,52.0,491.0
913740,23,"200,000 .. 500,000",412,124.0,2621.0
2229560,23,"50,000 .. 100,000",428,22.0,352.0
1580520,23,"200,000 .. 500,000",917,292.0,1487.0
1205450,23,"200,000 .. 500,000",225,150.0,354.0
768520,22,"200,000 .. 500,000",1724,250.0,3812.0
803330,22,"1,000,000 .. 2,000,000",433,790.0,6279.0
1343240,22,"500,000 .. 1,000,000",370,124.0,3194.0
1981570,22,"50,000 .. 100,000",480,133.0,1125.0
1042490,22,"100,000 .. 200,000",224,85.0,191.0
1167450,22,"200,000 .. 500,000",552,147.0,9186.0
731040,22,"500,000 .. 1,000,000",700,137.0,1207.0
814000,22,"100,000 .. 200,000",412,198.0,7466.0
960690,22,"200,000 .. 500,000",536,281.0,2360.0
1876590,22,"100,000 .. 200,000",390,55.0,309.0
1368030,22,"200,000 .. 500,000",416,96.0,2752.0
1368870,22,"20,000 .. 50,000",753,82.0,537.0
1082180,22,"100,000 .. 200,000",389,83.0,250.0
1462570,22,"200,000 .. 500,000",527,141.0,505.0
1496590,21,"50,000 .. 100,000",369,29.0,104.0
1271700,21,"200,000 .. 500,000",465,363.0,2230.0
707030,21,"500,000 .. 1,000,000",407,78.0,806.0
1904860,21,"200,000 .. 500,000",617,82.0,1492.0
2215260,21,"200,000 .. 500,000",286,219.0,486.0
1519090,21,"100,000 .. 200,000",1599,59.0,2887.0
2216830,21,"20,000 .. 50,000",175,227.0,1283.0
1310410,21,"100,000 .. 200,000",415,124.0,1391.0
1517970,20,"100,000 .. 200,000",373,53.0,128.0
2060130,20,"500,000 .. 1,000,000",532,207.0,10536.0
841190,20,"100,000 .. 200,000",266,80.0,1150.0
1239520,20,"200,000 .. 500,000",5696,984.0,3221.0
698670,20,"1,000,000 .. 2,000,000",278,97.0,5387.0
1179210,20,"100,000 .. 200,000",626,248.0,472.0
811320,20,"50,000 .. 100,000",291,74.0,655.0
2134770,20,"100,000 .. 200,000",555,186.0,2615.0
1685750,20,"100,000 .. 200,000",137,68.0,537.0
1282410,20,"200,000 .. 500,000",770,63.0,3038.0
2076140,20,"20,000 .. 50,000",473,50.0,564.0
2739830,20,"50,000 .. 100,000",652,46.0,840.0
1158370,19,"100,000 .. 200,000",507,225.0,1785.0
1155970,19,"100,000 .. 200,000",260,171.0,599.0
871980,19,"100,000 .. 200,000",1099,110.0,6179.0
1073910,19,"100,000 .. 200,000",294,137.0,2290.0
1138850,19,"200,000 .. 500,000",263,64.0,442.0
628670,19,"200,000 .. 500,000",522,153.0,1862.0
1229380,19,"200,000 .. 500,000",425,220.0,799.0
1731070,19,"100,000 .. 200,000",587,159.0,1665.0
2233120,18,"50,000 .. 100,000",300,70.0,1066.0
1425350,18,"50,000 .. 100,000",147,29.0,160.0
1058450,18,"100,000 .. 200,000",802,107.0,666.0
1357860,18,"20,000 .. 50,000",535,75.0,407.0
1622350,18,"100,000 .. 200,000",123,38.0,439.0
1749750,18,"20,000 .. 50,000",1801,45.0,629.0
757310,18,"200,000 .. 500,000",458,196.0,755.0
1885110,18,"100,000 .. 200,000",333,49.0,394.0
2420660,18,"100,000 .. 200,000",181,90.0,815.0
1306630,18,"100,000 .. 200,000",837,121.0,1139.0
1621310,18,"50,000 .. 100,000",1987,271.0,3604.0
1402120,18,"100,000 .. 200,000",186,48.0,301.0
1153640,18,"200,000 .. 500,000",462,134.0,947.0
1213700,18,"200,000 .. 500,000",161,53.0,947.0
1472660,18,"100,000 .. 200,000",1349,142.0,1329.0
473950,18,"200,000 .. 500,000",190,50.0,324.0
1931010,18,"20,000 .. 50,000",585,55.0,603.0
1859470,17,"50,000 .. 100,000",271,25.0,315.0
1406850,17,"200,000 .. 500,000",641,85.0,594.0
2292260,17,"20,000 .. 50,000",282,39.0,374.0
1844380,17,"50,000 .. 100,000",204,48.0,1556.0
2014550,17,"20,000 .. 50,000",362,37.0,253.0
2461850,17,"100,000 .. 200,000",455,76.0,3892.0
1195290,17,"100,000 .. 200,000",151,116.0,1942.0
1663220,17,"100,000 .. 200,000",362,50.0,592.0
1649010,17,"100,000 .. 200,000",1081,159.0,1369.0
1367590,17,"500,000 .. 1,000,000",242,55.0,550.0
957960,16,"20,000 .. 50,000",160,49.0,229.0
1416050,16,"20,000 .. 50,000",544,24.0,610.0
1249040,16,"200,000 .. 500,000",422,40.0,258.0
1347780,16,"100,000 .. 200,000",145,20.0,187.0
1154810,16,"200,000 .. 500,000",622,105.0,560.0
1118240,16,"200,000 .. 500,000",735,124.0,815.0
1087760,16,"100,000 .. 200,000",257,30.0,514.0
1046400,16,"50,000 .. 100,000",989,30.0,244.0
1832040,16,"20,000 .. 50,000",658,60.0,541.0
566440,15,"200,000 .. 500,000",434,63.0,3375.0
978520,15,"50,000 .. 100,000",757,414.0,3116.0
746850,15,"500,000 .. 1,000,000",311,355.0,914.0
1777620,15,"100,000 .. 200,000",918,64.0,5685.0
1840800,15,"20,000 .. 50,000",794,61.0,352.0
1119980,15,"500,000 .. 1,000,000",446,101.0,399.0
787810,15,"200,000 .. 500,000",612,266.0,1616.0
1608640,15,"200,000 .. 500,000",575,83.0,245.0
1013140,15,"20,000 .. 50,000",764,71.0,1114.0
1328840,15,"200,000 .. 500,000",296,305.0,507.0
1730590,15,"500,000 .. 1,000,000",368,61.0,594.0
1497440,15,"200,000 .. 500,000",212,58.0,392.0
1337010,15,"100,000 .. 200,000",172,37.0,216.0
1286990,15,"200,000 .. 500,000",402,87.0,398.0
1388870,15,"50,000 .. 100,000",601,167.0,508.0
999220,15,"1,000,000 .. 2,000,000",471,174.0,2811.0
1449280,15,"200,000 .. 500,000",250,99.0,200.0
1849900,15,"100,000 .. 200,000",347,60.0,779.0
2051120,14,"0 .. 20,000",482,125.0,296.0
1089830,14,"50,000 .. 100,000",6734,185.0,392.0
1295270,14,"20,000 .. 50,000",19,74.0,2551.0
2731870,14,"0 .. 20,000",1730,36.0,1135.0
1324340,14,"50,000 .. 100,000",432,78.0,2039.0
1979440,14,"20,000 .. 50,000",374,79.0,1350.0
785790,14,"200,000 .. 500,000",622,52.0,605.0
1062830,14,"100,000 .. 200,000",192,63.0,636.0
1456760,14,"20,000 .. 50,000",381,45.0,468.0
1641700,14,"20,000 .. 50,000",195,124.0,307.0
1599020,14,"200,000 .. 500,000",493,32.0,262.0
1893810,14,"100,000 .. 200,000",1078,123.0,1108.0
1341820,14,"200,000 .. 500,000",352,60.0,293.0
1101190,14,"100,000 .. 200,000",1436,374.0,2839.0
1209490,14,"200,000 .. 500,000",319,56.0,674.0
1201270,14,"200,000 .. 500,000",505,77.0,334.0
996770,14,"200,000 .. 500,000",262,191.0,611.0
1000010,14,"500,000 .. 1,000,000",1137,175.0,6590.0
1009290,14,"200,000 .. 500,000",1993,397.0,8493.0
1155330,14,"100,000 .. 200,000",650,46.0,530.0
1493750,14,"100,000 .. 200,000",2420,38.0,568.0
1134100,14,"200,000 .. 500,000",265,142.0,1001.0
2803280,13,"0 .. 20,000",331,296.0,789.0
2717880,13,"50,000 .. 100,000",597,53.0,547.0
2379910,13,"100,000 .. 200,000",73,156.0,301.0
1013220,13,"20,000 .. 50,000",98,15.0,430.0
2254740,13,"50,000 .. 100,000",1339,62.0,2193.0
1294810,13,"100,000 .. 200,000",279,101.0,1560.0
1574260,13,"50,000 .. 100,000",517,42.0,1009.0
1112890,13,"100,000 .. 200,000",589,64.0,399.0
760650,13,"200,000 .. 500,000",2001,98.0,1039.0
1602080,13,"100,000 .. 200,000",539,24.0,592.0
1898500,13,"20,000 .. 50,000",372,55.0,105.0
1286320,13,"100,000 .. 200,000",1412,111.0,4975.0
1191630,13,"100,000 .. 200,000",465,52.0,752.0
1812370,13,"100,000 .. 200,000",474,97.0,332.0
1669420,13,"100,000 .. 200,000",583,21.0,149.0
2394650,12,"50,000 .. 100,000",663,99.0,351.0
1931730,12,"200,000 .. 500,000",223,33.0,174.0
1069690,12,"100,000 .. 200,000",1093,92.0,2063.0
1647550,12,"0 .. 20,000",644,47.0,251.0
1627570,12,"100,000 .. 200,000",323,152.0,1231.0
2081080,12,"50,000 .. 100,000",158,15.0,387.0
2217580,12,"50,000 .. 100,000",189,57.0,196.0
1182620,12,"500,000 .. 1,000,000",215,58.0,1089.0
1680880,12,"200,000 .. 500,000",808,188.0,9824.0
2017080,12,"50,000 .. 100,000",390,41.0,1578.0
1532690,12,"500,000 .. 1,000,000",215,56.0,502.0
1654660,12,"200,000 .. 500,000",169,36.0,424.0
1413870,12,"200,000 .. 500,000",640,21.0,400.0
1904790,12,"50,000 .. 100,000",1087,111.0,255.0
1051690,12,"200,000 .. 500,000",810,104.0,1134.0
515960,12,"100,000 .. 200,000",355,30.0,742.0
1420290,12,"200,000 .. 500,000",779,24.0,352.0
226620,12,"200,000 .. 500,000",265,33.0,2998.0
2694420,12,"100,000 .. 200,000",253,59.0,458.0
1414850,12,"500,000 .. 1,000,000",325,50.0,9120.0
1437400,12,"50,000 .. 100,000",887,95.0,569.0
1996430,12,"50,000 .. 100,000",910,46.0,1244.0
1116580,12,"50,000 .. 100,000",258,26.0,247.0
1670870,12,"100,000 .. 200,000",604,45.0,384.0
1410640,11,"200,000 .. 500,000",602,209.0,865.0
1402110,11,"50,000 .. 100,000",296,28.0,1238.0
2287330,11,"50,000 .. 100,000",1037,31.0,1092.0
1272840,11,"20,000 .. 50,000",263,15.0,214.0
1345890,11,"200,000 .. 500,000",293,53.0,881.0
2106840,11,"200,000 .. 500,000",396,304.0,712.0
1040420,11,"200,000 .. 500,000",1076,59.0,1111.0
1341200,11,"50,000 .. 100,000",1684,224.0,3104.0
2085370,11,"50,000 .. 100,000",518,43.0,537.0
1330470,11,"500,000 .. 1,000,000",855,90.0,4991.0
2272400,11,"100,000 .. 200,000",115,95.0,405.0
2494780,11,"50,000 .. 100,000",53,13.0,129.0
919360,11,"100,000 .. 200,000",120,20.0,197.0
1928870,11,"200,000 .. 500,000",468,61.0,5088.0
1743850,11,"200,000 .. 500,000",73,36.0,346.0
754890,11,"50,000 .. 100,000",284,31.0,796.0
1676130,11,"1,000,000 .. 2,000,000",287,114.0,1907.0
1380420,11,"100,000 .. 200,000",710,94.0,954.0
1045720,11,"50,000 .. 100,000",358,65.0,241.0
1436590,11,"20,000 .. 50,000",648,75.0,312.0
983970,11,"200,000 .. 500,000",339,105.0,702.0
1371720,10,"20,000 .. 50,000",254,75.0,875.0
1206060,10,"200,000 .. 500,000",186,25.0,343.0
1062140,10,"100,000 .. 200,000",77,36.0,344.0
1552810,10,"100,000 .. 200,000",427,28.0,84.0
1967260,10,"50,000 .. 100,000",906,53.0,298.0
1949030,10,"100,000 .. 200,000",565,88.0,724.0
1196090,10,"200,000 .. 500,000",211,107.0,215.0
2009100,10,"200,000 .. 500,000",709,67.0,482.0
1485590,10,"200,000 .. 500,000",759,100.0,7935.0
1225560,10,"200,000 .. 500,000",237,95.0,327.0
2213300,10,"20,000 .. 50,000",688,84.0,306.0
981890,10,"500,000 .. 1,000,000",242,28.0,4022.0
1299510,10,"0 .. 20,000",230,44.0,141.0
1766100,10,"50,000 .. 100,000",920,45.0,567.0
1497950,9,"50,000 .. 100,000",500,43.0,858.0
1920780,9,"200,000 .. 500,000",251,105.0,763.0
1996010,9,"200,000 .. 500,000",315,81.0,832.0
1492680,9,"50,000 .. 100,000",304,30.0,114.0
1975440,9,"50,000 .. 100,000",306,31.0,281.0
1889740,9,"0 .. 20,000",314,33.0,118.0
1038370,9,"200,000 .. 500,000",789,108.0,1743.0
1123450,9,"200,000 .. 500,000",271,73.0,313.0
1429850,9,"20,000 .. 50,000",280,38.0,265.0
1282690,9,"500,000 .. 1,000,000",452,240.0,1387.0
795420,9,"0 .. 20,000",319,82.0,205.0
945770,9,"50,000 .. 100,000",501,32.0,408.0
1110910,9,"500,000 .. 1,000,000",333,377.0,1930.0
2653940,9,"100,000 .. 200,000",387,136.0,645.0
1413660,9,"0 .. 20,000",277,20.0,194.0
729000,9,"200,000 .. 500,000",354,147.0,337.0
1591530,9,"50,000 .. 100,000",559,103.0,1838.0
982290,9,"200,000 .. 500,000",478,54.0,1120.0
674930,9,"100,000 .. 200,000",741,117.0,1083.0
1242980,9,"20,000 .. 50,000",206,44.0,565.0
1000410,9,"200,000 .. 500,000",708,22.0,504.0
1799930,9,"50,000 .. 100,000",348,36.0,286.0
1311510,8,"0 .. 20,000",182,3.0,10.0
1158890,8,"50,000 .. 100,000",114,4.0,225.0
2123640,8,"50,000 .. 100,000",332,16.0,386.0
1190170,8,"50,000 .. 100,000",190,108.0,391.0
1432100,8,"200,000 .. 500,000",380,31.0,307.0
1108590,8,"200,000 .. 500,000",322,83.0,719.0
1314000,8,"100,000 .. 200,000",377,46.0,453.0
1553000,8,"100,000 .. 200,000",1254,35.0,1276.0
1658290,8,"100,000 .. 200,000",843,50.0,1038.0
2059660,8,"20,000 .. 50,000",96,15.0,128.0
2398170,8,"50,000 .. 100,000",147,77.0,512.0
2006140,8,"20,000 .. 50,000",107,31.0,296.0
1924360,8,"20,000 .. 50,000",335,45.0,352.0
1937620,8,"0 .. 20,000",1446,79.0,276.0
2060590,8,"0 .. 20,000",484,81.0,201.0
1157220,8,"100,000 .. 200,000",350,148.0,908.0
2304640,8,"0 .. 20,000",175,18.0,113.0
1608230,8,"200,000 .. 500,000",323,70.0,811.0
824550,8,"500,000 .. 1,000,000",1334,132.0,21909.0
1390410,8,"100,000 .. 200,000",490,31.0,765.0
1783360,8,"20,000 .. 50,000",346,17.0,195.0
720560,8,"200,000 .. 500,000",684,173.0,1146.0
1194810,8,"200,000 .. 500,000",1505,35.0,2996.0
2001340,8,"0 .. 20,000",0,16.0,139.0
1285670,8,"1,000,000 .. 2,000,000",85,30.0,123.0
1160220,8,"500,000 .. 1,000,000",664,140.0,291.0
2014380,8,"20,000 .. 50,000",813,82.0,465.0
826940,8,"50,000 .. 100,000",187,68.0,161.0
1638230,8,"50,000 .. 100,000",864,131.0,762.0
1135910,7,"20,000 .. 50,000",1387,36.0,402.0
1182310,7,"200,000 .. 500,000",321,28.0,227.0
1283230,7,"20,000 .. 50,000",167,25.0,371.0
1373960,7,"200,000 .. 500,000",245,58.0,1105.0
1108000,7,"100,000 .. 200,000",309,60.0,284.0
1235100,7,"0 .. 20,000",223,7.0,65.0
1231990,7,"50,000 .. 100,000",390,30.0,365.0
1244950,7,"100,000 .. 200,000",291,24.0,551.0
1046790,7,"50,000 .. 100,000",66,25.0,74.0
1227780,7,"100,000 .. 200,000",851,48.0,629.0
1137350,7,"50,000 .. 100,000",438,19.0,278.0
1913210,7,"20,000 .. 50,000",349,22.0,1428.0
1309950,7,"100,000 .. 200,000",122,23.0,218.0
1279630,7,"100,000 .. 200,000",233,23.0,181.0
1759380,7,"50,000 .. 100,000",676,51.0,1356.0
1046300,7,"20,000 .. 50,000",847,30.0,249.0
1037130,7,"50,000 .. 100,000",643,89.0,431.0
1889930,7,"0 .. 20,000",314,41.0,623.0
1867510,7,"20,000 .. 50,000",177,34.0,208.0
1776380,7,"100,000 .. 200,000",1737,104.0,4420.0
2378620,7,"200,000 .. 500,000",439,49.0,1110.0
1574310,6,"200,000 .. 500,000",475,22.0,724.0
1607240,6,"50,000 .. 100,000",119,22.0,270.0
269190,6,"200,000 .. 500,000",249,64.0,731.0
1454970,6,"100,000 .. 200,000",248,31.0,399.0
2095340,6,"100,000 .. 200,000",99,21.0,345.0
1660840,6,"0 .. 20,000",588,35.0,239.0
1386900,6,"200,000 .. 500,000",246,28.0,181.0
1747760,6,"100,000 .. 200,000",389,65.0,867.0
1298140,6,"100,000 .. 200,000",532,34.0,289.0
962580,6,"200,000 .. 500,000",984,90.0,989.0
593150,6,"100,000 .. 200,000",956,66.0,1014.0
1069530,6,"0 .. 20,000",1520,13.0,159.0
1710540,6,"20,000 .. 50,000",770,11.0,139.0
1866180,6,"200,000 .. 500,000",141,38.0,1188.0
1839940,6,"50,000 .. 100,000",989,38.0,430.0
1003090,6,"50,000 .. 100,000",296,23.0,301.0
1221250,6,"200,000 .. 500,000",193,46.0,111.0
1334730,6,"100,000 .. 200,000",162,22.0,146.0
1491670,6,"200,000 .. 500,000",92,17.0,153.0
1186640,6,"500,000 .. 1,000,000",242,94.0,585.0
1257360,6,"200,000 .. 500,000",242,27.0,677.0
1823930,6,"50,000 .. 100,000",248,7.0,317.0
2366970,6,"100,000 .. 200,000",299,88.0,160.0
1546310,6,"20,000 .. 50,000",415,17.0,89.0
1634150,6,"200,000 .. 500,000",109,25.0,170.0
1446350,6,"0 .. 20,000",243,9.0,90.0
1299690,6,"20,000 .. 50,000",281,19.0,249.0
2544110,6,"100,000 .. 200,000",492,94.0,502.0
1233260,6,"100,000 .. 200,000",1120,42.0,1923.0
1477940,6,"20,000 .. 50,000",156,16.0,276.0
824000,6,"100,000 .. 200,000",511,76.0,560.0
2097230,6,"100,000 .. 200,000",346,27.0,534.0
1373430,6,"0 .. 20,000",354,49.0,616.0
1122120,6,"50,000 .. 100,000",923,46.0,305.0
865680,6,"50,000 .. 100,000",111,41.0,268.0
1457080,6,"200,000 .. 500,000",680,38.0,2984.0
2737300,6,"20,000 .. 50,000",187,11.0,103.0
598550,6,"20,000 .. 50,000",258,47.0,319.0
2313020,6,"20,000 .. 50,000",143,80.0,1445.0
1140290,6,"0 .. 20,000",1579,104.0,651.0
1296360,5,"200,000 .. 500,000",629,52.0,648.0
1955230,5,"50,000 .. 100,000",266,21.0,228.0
1577250,5,"50,000 .. 100,000",100,20.0,119.0
1421490,5,"20,000 .. 50,000",70,13.0,156.0
910830,5,"100,000 .. 200,000",775,37.0,246.0
2633500,5,"20,000 .. 50,000",344,16.0,37.0
1472930,5,"0 .. 20,000",342,7.0,80.0
1229580,5,"0 .. 20,000",307,19.0,177.0
1921480,5,"0 .. 20,000",0,9.0,165.0
1538970,5,"100,000 .. 200,000",676,77.0,2915.0
1173220,5,"100,000 .. 200,000",289,26.0,926.0
1265780,5,"100,000 .. 200,000",205,13.0,502.0
1843310,5,"20,000 .. 50,000",289,22.0,536.0
866140,5,"200,000 .. 500,000",252,16.0,178.0
1232460,5,"50,000 .. 100,000",136,14.0,164.0
1057750,5,"100,000 .. 200,000",224,87.0,408.0
2362090,5,"20,000 .. 50,000",46,6.0,35.0
1658920,5,"0 .. 20,000",918,,
2153350,5,"100,000 .. 200,000",137,36.0,285.0
1186040,5,"200,000 .. 500,000",586,49.0,649.0
1659600,5,"20,000 .. 50,000",138,42.0,370.0
1361400,5,"20,000 .. 50,000",157,11.0,176.0
2238040,5,"20,000 .. 50,000",265,20.0,133.0
914750,5,"100,000 .. 200,000",2748,21.0,80.0
906100,5,"200,000 .. 500,000",306,78.0,1027.0
1331210,5,"100,000 .. 200,000",8297,14.0,147.0
1370140,5,"20,000 .. 50,000",405,34.0,304.0
2851150,5,"20,000 .. 50,000",863,17.0,280.0
1324530,5,"100,000 .. 200,000",139,87.0,929.0
1981610,5,"200,000 .. 500,000",273,43.0,260.0
1872680,5,"20,000 .. 50,000",301,20.0,167.0
1426010,5,"100,000 .. 200,000",1203,41.0,238.0
2305500,5,"20,000 .. 50,000",417,24.0,1016.0
994140,5,"200,000 .. 500,000",216,34.0,208.0
1233590,5,"100,000 .. 200,000",200,21.0,1204.0
2235020,5,"50,000 .. 100,000",70,37.0,242.0
1919470,4,"100,000 .. 200,000",154,13.0,64.0
1561340,4,"0 .. 20,000",164,11.0,61.0
1036890,4,"500,000 .. 1,000,000",323,79.0,1621.0
363860,4,"20,000 .. 50,000",226,31.0,142.0
1543710,4,"20,000 .. 50,000",128,,
1085220,4,"20,000 .. 50,000",222,30.0,62.0
1962430,4,"20,000 .. 50,000",902,19.0,702.0
1438480,4,"0 .. 20,000",0,3.0,29.0
1259380,4,"0 .. 20,000",5,12.0,17.0
720350,4,"0 .. 20,000",287,13.0,80.0
1101360,4,"100,000 .. 200,000",262,39.0,129.0
1214650,4,"100,000 .. 200,000",288,59.0,3731.0
1121420,4,"50,000 .. 100,000",350,26.0,363.0
1296450,4,"0 .. 20,000",611,14.0,181.0
1521970,4,"100,000 .. 200,000",600,18.0,955.0
1229460,4,"100,000 .. 200,000",369,117.0,940.0
2076580,4,"20,000 .. 50,000",118,14.0,152.0
541310,4,"0 .. 20,000",32,6.0,46.0
854940,4,"100,000 .. 200,000",2807,25.0,232.0
1726120,4,"100,000 .. 200,000",91,10.0,310.0
878670,4,"50,000 .. 100,000",453,25.0,327.0
1370050,4,"200,000 .. 500,000",137,51.0,831.0
1730680,4,"100,000 .. 200,000",352,28.0,730.0
1273560,4,"0 .. 20,000",167,13.0,130.0
1333200,4,"200,000 .. 500,000",280,75.0,992.0
1095120,4,"0 .. 20,000",743,17.0,42.0
829280,4,"20,000 .. 50,000",98,15.0,128.0
1484900,4,"100,000 .. 200,000",129,11.0,322.0
2304440,4,"0 .. 20,000",270,17.0,145.0
1167140,4,"200,000 .. 500,000",357,126.0,1340.0
2596420,4,"0 .. 20,000",0,9.0,86.0
1755100,4,"0 .. 20,000",179,12.0,61.0
762840,4,"100,000 .. 200,000",86,9.0,164.0
730430,4,"0 .. 20,000",330,19.0,121.0
1269640,4,"100,000 .. 200,000",299,33.0,175.0
1266030,4,"50,000 .. 100,000",289,85.0,500.0
2206210,4,"50,000 .. 100,000",458,23.0,95.0
1430220,4,"20,000 .. 50,000",221,37.0,302.0
1409830,4,"50,000 .. 100,000",195,23.0,472.0
1252830,4,"0 .. 20,000",159,7.0,42.0
1921980,4,"500,000 .. 1,000,000",0,9.0,52.0
924750,4,"0 .. 20,000",688,22.0,236.0
609920,4,"200,000 .. 500,000",125,22.0,153.0
1736290,4,"50,000 .. 100,000",164,40.0,131.0
1336180,4,"50,000 .. 100,000",395,58.0,789.0
2652000,4,"20,000 .. 50,000",84,47.0,414.0
1042380,4,"100,000 .. 200,000",652,91.0,478.0
1375400,4,"50,000 .. 100,000",185,19.0,257.0
2139300,4,"0 .. 20,000",0,12.0,298.0
1319460,4,"20,000 .. 50,000",195,12.0,123.0
1119700,4,"50,000 .. 100,000",330,117.0,1499.0
762940,4,"0 .. 20,000",567,14.0,196.0
938560,4,"200,000 .. 500,000",184,68.0,421.0
1144770,4,"200,000 .. 500,000",199,16.0,2695.0
721180,4,"0 .. 20,000",0,14.0,76.0
1661630,4,"100,000 .. 200,000",185,96.0,1085.0
1135260,4,"50,000 .. 100,000",474,6.0,52.0
1519710,4,"0 .. 20,000",71,4.0,46.0
890720,4,"100,000 .. 200,000",284,52.0,123.0
1982340,4,"20,000 .. 50,000",108,22.0,102.0
2275150,4,"100,000 .. 200,000",164,24.0,113.0
2138090,4,"0 .. 20,000",129,33.0,588.0
898890,4,"50,000 .. 100,000",257,20.0,241.0
1403440,4,"50,000 .. 100,000",420,19.0,555.0
1351210,4,"20,000 .. 50,000",146,28.0,851.0
1393370,4,"20,000 .. 50,000",424,20.0,977.0
1084640,4,"100,000 .. 200,000",284,41.0,163.0
1205900,3,"20,000 .. 50,000",160,8.0,51.0
944920,3,"50,000 .. 100,000",141,10.0,66.0
1580180,3,"50,000 .. 100,000",537,21.0,180.0
1107790,3,"100,000 .. 200,000",151,18.0,294.0
1061880,3,"200,000 .. 500,000",547,54.0,731.0
1191900,3,"100,000 .. 200,000",110,37.0,83.0
1946700,3,"50,000 .. 100,000",497,33.0,697.0
1140890,3,"100,000 .. 200,000",1125,18.0,218.0
1011190,3,"100,000 .. 200,000",306,16.0,317.0
861250,3,"200,000 .. 500,000",432,23.0,435.0
1998330,3,"0 .. 20,000",1319,27.0,106.0
2231190,3,"0 .. 20,000",112,17.0,158.0
1225580,3,"100,000 .. 200,000",440,14.0,43.0
612570,3,"200,000 .. 500,000",3138,42.0,539.0
1062110,3,"100,000 .. 200,000",329,39.0,233.0
1708010,3,"200,000 .. 500,000",237,65.0,601.0
1164050,3,"100,000 .. 200,000",118,31.0,100.0
2229940,3,"0 .. 20,000",126,5.0,168.0
1097110,3,"0 .. 20,000",226,10.0,67.0
889910,3,"50,000 .. 100,000",483,25.0,274.0
1523650,3,"0 .. 20,000",55,9.0,120.0
1335230,3,"50,000 .. 100,000",347,8.0,406.0
1771360,3,"50,000 .. 100,000",248,8.0,56.0
948640,3,"20,000 .. 50,000",6765,51.0,285.0
1608700,3,"20,000 .. 50,000",227,,
1574270,3,"100,000 .. 200,000",172,35.0,235.0
2535440,3,"0 .. 20,000",133,9.0,227.0
1333470,3,"50,000 .. 100,000",364,11.0,109.0
1582680,3,"20,000 .. 50,000",98,17.0,147.0
1530470,3,"0 .. 20,000",276,23.0,193.0
1610460,3,"20,000 .. 50,000",634,70.0,335.0
2316580,3,"20,000 .. 50,000",514,25.0,232.0
581660,3,"50,000 .. 100,000",102,19.0,208.0
1911360,3,"200,000 .. 500,000",164,15.0,231.0
1959390,3,"20,000 .. 50,000",369,17.0,51.0
2060790,3,"20,000 .. 50,000",464,8.0,59.0
1385100,3,"50,000 .. 100,000",112,144.0,355.0
1782330,3,"20,000 .. 50,000",189,31.0,179.0
1099640,3,"50,000 .. 100,000",183,11.0,199.0
1049710,3,"50,000 .. 100,000",245,5.0,47.0
1345820,3,"100,000 .. 200,000",173,74.0,232.0
773370,3,"200,000 .. 500,000",147,38.0,731.0
1942010,3,"50,000 .. 100,000",50,5.0,75.0
916350,3,"100,000 .. 200,000",96,3.0,6.0
814680,3,"100,000 .. 200,000",689,23.0,158.0
1119600,3,"50,000 .. 100,000",627,53.0,341.0
1137450,3,"100,000 .. 200,000",427,13.0,67.0
1132910,3,"50,000 .. 100,000",518,10.0,100.0
1220150,3,"200,000 .. 500,000",1936,50.0,286.0
1341050,3,"0 .. 20,000",385,10.0,94.0
1297330,3,"0 .. 20,000",110,9.0,74.0
2437040,3,"50,000 .. 100,000",37,6.0,543.0
1393750,3,"100,000 .. 200,000",375,26.0,231.0
1600910,2,"0 .. 20,000",0,4.0,90.0
985950,2,"20,000 .. 50,000",2435,35.0,277.0
1896880,2,"20,000 .. 50,000",16,5.0,14.0
1932160,2,"50,000 .. 100,000",204,22.0,335.0
598730,2,"20,000 .. 50,000",429,14.0,63.0
2337820,2,"0 .. 20,000",311,26.0,316.0
1346010,2,"20,000 .. 50,000",73,17.0,680.0
1147330,2,"50,000 .. 100,000",110,5.0,54.0
1294420,2,"200,000 .. 500,000",165,25.0,419.0
1783680,2,"0 .. 20,000",788,7.0,73.0
1867530,2,"50,000 .. 100,000",151,27.0,168.0
702680,2,"20,000 .. 50,000",165,9.0,56.0
374190,2,"100,000 .. 200,000",598,54.0,639.0
1114290,2,"50,000 .. 100,000",90,8.0,353.0
1399700,2,"20,000 .. 50,000",607,5.0,125.0
1016790,2,"200,000 .. 500,000",1376,15.0,168.0
1423600,2,"20,000 .. 50,000",19,77.0,670.0
1514930,2,"200,000 .. 500,000",166,9.0,125.0
809060,2,"0 .. 20,000",171,16.0,81.0
941570,2,"50,000 .. 100,000",231,20.0,65.0
967390,2,"50,000 .. 100,000",206,12.0,153.0
1678420,2,"200,000 .. 500,000",108,,
1098770,2,"0 .. 20,000",6,16.0,105.0
465100,2,"100,000 .. 200,000",268,19.0,196.0
679110,2,"200,000 .. 500,000",238,18.0,66.0
1502560,2,"20,000 .. 50,000",375,21.0,36.0
1263070,2,"100,000 .. 200,000",311,9.0,292.0
1248080,2,"20,000 .. 50,000",15,43.0,115.0
1581480,2,"20,000 .. 50,000",1162,23.0,140.0
1575470,2,"50,000 .. 100,000",147,9.0,96.0
1223910,2,"20,000 .. 50,000",178,20.0,98.0
2794770,2,"0 .. 20,000",78,14.0,115.0
1041920,2,"100,000 .. 200,000",137,15.0,38.0
733210,2,"0 .. 20,000",24,12.0,103.0
1172650,2,"500,000 .. 1,000,000",369,59.0,167.0
1000760,2,"100,000 .. 200,000",328,27.0,308.0
2738750,2,"0 .. 20,000",99,4.0,57.0
1946070,2,"20,000 .. 50,000",52,13.0,155.0
1602560,2,"20,000 .. 50,000",119,5.0,84.0
1345760,2,"0 .. 20,000",122,18.0,132.0
1015940,2,"0 .. 20,000",158,3.0,12.0
1998450,2,"50,000 .. 100,000",184,9.0,594.0
1307660,2,"50,000 .. 100,000",239,8.0,413.0
1304340,2,"0 .. 20,000",112,91.0,561.0
1350200,2,"100,000 .. 200,000",355,46.0,385.0
1178210,2,"0 .. 20,000",439,17.0,98.0
995980,2,"100,000 .. 200,000",1243,55.0,453.0
1071130,2,"100,000 .. 200,000",53,8.0,50.0
840210,2,"50,000 .. 100,000",169,9.0,319.0
1506510,2,"50,000 .. 100,000",22,6.0,110.0
1184760,2,"100,000 .. 200,000",438,14.0,329.0
1104380,2,"100,000 .. 200,000",160,37.0,137.0
1671360,2,"100,000 .. 200,000",18,3.0,63.0
1612780,2,"50,000 .. 100,000",860,28.0,823.0
2223740,2,"0 .. 20,000",8,13.0,49.0
1960110,2,"20,000 .. 50,000",0,21.0,607.0
1125910,2,"20,000 .. 50,000",280,15.0,119.0
730390,2,"0 .. 20,000",164,19.0,176.0
1539620,2,"0 .. 20,000",237,8.0,174.0
969760,2,"200,000 .. 500,000",1070,28.0,251.0
1162130,2,"50,000 .. 100,000",211,144.0,344.0
986310,2,"0 .. 20,000",63,2.0,51.0
1924430,2,"20,000 .. 50,000",544,33.0,179.0
1630110,2,"50,000 .. 100,000",98,16.0,85.0
2516170,2,"0 .. 20,000",34,5.0,14.0
1012570,2,"20,000 .. 50,000",104,6.0,307.0
1246250,2,"0 .. 20,000",111,2.0,58.0
2131010,2,"100,000 .. 200,000",54,6.0,169.0
1150950,2,"200,000 .. 500,000",373,43.0,188.0
1614270,2,"20,000 .. 50,000",401,13.0,71.0
1325890,2,"100,000 .. 200,000",223,3.0,73.0
2769080,2,"0 .. 20,000",511,19.0,126.0
1983970,2,"100,000 .. 200,000",354,14.0,827.0
1499120,2,"50,000 .. 100,000",184,20.0,210.0
1668530,2,"0 .. 20,000",0,2.0,133.0
1371690,2,"50,000 .. 100,000",170,14.0,305.0
1912380,2,"0 .. 20,000",451,2.0,65.0
762220,2,"100,000 .. 200,000",461,20.0,83.0
1110050,2,"200,000 .. 500,000",101,5.0,52.0
725270,2,"20,000 .. 50,000",278,6.0,75.0
865610,2,"1,000,000 .. 2,000,000",171,20.0,423.0
946030,2,"100,000 .. 200,000",36,14.0,124.0
254370,2,"50,000 .. 100,000",75,15.0,1216.0
1456880,2,"50,000 .. 100,000",123,7.0,75.0
1976950,2,"100,000 .. 200,000",114,15.0,684.0
989440,2,"200,000 .. 500,000",1061,9.0,1584.0
1733240,2,"50,000 .. 100,000",252,13.0,157.0
1353270,2,"200,000 .. 500,000",184,20.0,247.0
628200,2,"100,000 .. 200,000",273,18.0,301.0
968370,2,"20,000 .. 50,000",161,5.0,31.0
1671410,2,"100,000 .. 200,000",224,16.0,220.0
1430680,2,"20,000 .. 50,000",377,37.0,144.0
2162020,2,"0 .. 20,000",184,8.0,53.0
1368130,2,"50,000 .. 100,000",606,91.0,1412.0
858030,2,"0 .. 20,000",0,3.0,19.0
2602020,2,"0 .. 20,000",1235,17.0,76.0
1045180,2,"20,000 .. 50,000",236,13.0,178.0
739080,2,"100,000 .. 200,000",372,20.0,158.0
840390,2,"20,000 .. 50,000",75,17.0,647.0
1421790,2,"100,000 .. 200,000",107,41.0,535.0
1399080,2,"20,000 .. 50,000",392,9.0,1253.0
1015890,2,"20,000 .. 50,000",16,13.0,103.0
2243670,1,"0 .. 20,000",0,2.0,7.0
1139280,1,"20,000 .. 50,000",304,10.0,112.0
2660410,1,"0 .. 20,000",0,2.0,5.0
2081400,1,"50,000 .. 100,000",170,26.0,1321.0
968870,1,"50,000 .. 100,000",254,22.0,89.0
985900,1,"20,000 .. 50,000",12,14.0,254.0
1405790,1,"50,000 .. 100,000",1471,18.0,78.0
1568970,1,"0 .. 20,000",165,,
1310330,1,"50,000 .. 100,000",1195,11.0,265.0
1422420,1,"20,000 .. 50,000",224,9.0,166.0
1579280,1,"50,000 .. 100,000",0,,
1229420,1,"0 .. 20,000",278,5.0,270.0
1402320,1,"100,000 .. 200,000",379,63.0,193.0
690120,1,"50,000 .. 100,000",0,2.0,27.0
1674640,1,"20,000 .. 50,000",12,4.0,46.0
1190400,1,"0 .. 20,000",909,16.0,236.0
1154040,1,"200,000 .. 500,000",293,134.0,1677.0
2146570,1,"0 .. 20,000",377,4.0,74.0
1592540,1,"50,000 .. 100,000",4,6.0,46.0
1497360,1,"20,000 .. 50,000",181,4.0,62.0
982720,1,"100,000 .. 200,000",664,20.0,317.0
2103680,1,"20,000 .. 50,000",129,27.0,229.0
1209410,1,"50,000 .. 100,000",76,30.0,593.0
3061910,1,"0 .. 20,000",0,1.0,3.0
1843540,1,"20,000 .. 50,000",164,14.0,52.0
750200,1,"20,000 .. 50,000",47,8.0,47.0
1154790,1,"200,000 .. 500,000",321,6.0,120.0
2015960,1,"0 .. 20,000",0,4.0,31.0
1113570,1,"50,000 .. 100,000",285,33.0,1245.0
2193050,1,"20,000 .. 50,000",212,16.0,90.0
347800,1,"200,000 .. 500,000",900,20.0,670.0
762180,1,"50,000 .. 100,000",15,1.0,8.0
1284090,1,"0 .. 20,000",6,5.0,9.0
1369520,1,"20,000 .. 50,000",365,7.0,80.0
1115780,1,"200,000 .. 500,000",180,31.0,146.0
1662480,1,"0 .. 20,000",40,6.0,64.0
1191260,1,"0 .. 20,000",13,22.0,85.0
1223500,1,"100,000 .. 200,000",98,18.0,45.0
1050370,1,"20,000 .. 50,000",0,4.0,50.0
1178140,1,"0 .. 20,000",38,3.0,15.0
1619230,1,"20,000 .. 50,000",370,9.0,82.0
1831700,1,"0 .. 20,000",0,3.0,14.0
1225590,1,"200,000 .. 500,000",171,14.0,82.0
1082680,1,"50,000 .. 100,000",432,6.0,165.0
1302050,1,"20,000 .. 50,000",2081,7.0,108.0
1532460,1,"0 .. 20,000",0,0.0,50.0
2562900,1,"0 .. 20,000",2118,1.0,10.0
959860,1,"20,000 .. 50,000",302,9.0,195.0
599610,1,"50,000 .. 100,000",309,9.0,41.0
883360,1,"200,000 .. 500,000",105,14.0,138.0
1640320,1,"0 .. 20,000",345,4.0,26.0
1651960,1,"200,000 .. 500,000",137,52.0,1498.0
596000,1,"0 .. 20,000",157,5.0,28.0
1337530,1,"100,000 .. 200,000",23,4.0,22.0
1121780,1,"50,000 .. 100,000",236,6.0,222.0
623280,1,"200,000 .. 500,000",809,40.0,9821.0
1991300,1,"0 .. 20,000",711,5.0,59.0
1424980,1,"100,000 .. 200,000",133,10.0,112.0
1001800,1,"50,000 .. 100,000",162,13.0,91.0
1267930,1,"0 .. 20,000",0,2.0,5.0
1377920,1,"0 .. 20,000",14,3.0,7.0
1540350,1,"20,000 .. 50,000",377,,
768450,1,"20,000 .. 50,000",149,6.0,66.0
735290,1,"50,000 .. 100,000",78,17.0,85.0
593640,1,"50,000 .. 100,000",11,6.0,73.0
1544360,1,"200,000 .. 500,000",89,54.0,331.0
922050,1,"0 .. 20,000",355,14.0,52.0
2471130,1,"20,000 .. 50,000",0,1.0,4.0
1309620,1,"0 .. 20,000",51,10.0,99.0
931310,1,"20,000 .. 50,000",259,5.0,18.0
1277130,1,"0 .. 20,000",398,7.0,74.0
910490,1,"200,000 .. 500,000",780,42.0,2769.0
1035560,1,"0 .. 20,000",180,14.0,139.0
817020,1,"50,000 .. 100,000",0,2.0,40.0
1164060,1,"0 .. 20,000",227,1.0,7.0
1024480,1,"200,000 .. 500,000",118,17.0,413.0
1969440,1,"20,000 .. 50,000",400,15.0,187.0
2556990,1,"200,000 .. 500,000",999,56.0,584.0
695330,1,"100,000 .. 200,000",216,32.0,438.0
1419620,1,"0 .. 20,000",0,5.0,28.0
2161620,1,"0 .. 20,000",0,5.0,54.0
2104880,1,"0 .. 20,000",0,3.0,66.0
2008510,1,"50,000 .. 100,000",78,5.0,37.0
1672310,1,"0 .. 20,000",142,11.0,104.0
1903910,1,"50,000 .. 100,000",25,3.0,56.0
2060870,1,"50,000 .. 100,000",227,6.0,97.0
2172180,1,"500,000 .. 1,000,000",0,2.0,7.0
1640630,1,"100,000 .. 200,000",407,,
1546920,1,"50,000 .. 100,000",264,11.0,91.0
1058690,1,"0 .. 20,000",0,5.0,24.0
926580,1,"50,000 .. 100,000",147,22.0,261.0
1075200,1,"0 .. 20,000",1550,24.0,55.0
1451080,1,"50,000 .. 100,000",764,15.0,931.0
951750,1,"0 .. 20,000",265,8.0,42.0
1989320,1,"0 .. 20,000",0,6.0,34.0
1170060,1,"100,000 .. 200,000",120,12.0,77.0
794960,1,"0 .. 20,000",334,6.0,15.0
1146310,1,"200,000 .. 500,000",674,24.0,325.0
1739900,1,"20,000 .. 50,000",62,4.0,88.0
1293730,1,"100,000 .. 200,000",897,7.0,164.0
1905020,1,"100,000 .. 200,000",7,5.0,273.0
1811040,1,"50,000 .. 100,000",2961,13.0,98.0
1037120,1,"0 .. 20,000",170,7.0,28.0
1650810,1,"50,000 .. 100,000",340,4.0,372.0
1301950,1,"0 .. 20,000",161,8.0,51.0
2543760,1,"0 .. 20,000",244,6.0,187.0
1600370,1,"0 .. 20,000",389,12.0,170.0
2215540,1,"0 .. 20,000",0,4.0,27.0
2450820,1,"0 .. 20,000",19,8.0,30.0
1213750,1,"0 .. 20,000",105,20.0,257.0
1422410,1,"20,000 .. 50,000",133,3.0,103.0
2082270,1,"0 .. 20,000",0,6.0,14.0
1432850,1,"0 .. 20,000",0,12.0,98.0
2081470,1,"0 .. 20,000",406,10.0,75.0
1183850,1,"20,000 .. 50,000",0,3.0,15.0
899310,1,"100,000 .. 200,000",268,20.0,141.0
1122680,1,"100,000 .. 200,000",247,10.0,64.0
1042670,1,"100,000 .. 200,000",281,7.0,385.0
912570,1,"0 .. 20,000",313,11.0,175.0
1195360,1,"0 .. 20,000",155,2.0,27.0
989790,1,"0 .. 20,000",113,4.0,28.0
1666250,1,"20,000 .. 50,000",382,6.0,259.0
1060210,1,"50,000 .. 100,000",261,16.0,148.0
1647730,0,"0 .. 20,000",99,1.0,14.0
1617220,0,"0 .. 20,000",721,3.0,47.0
1177030,0,"0 .. 20,000",28,1.0,14.0
1280300,0,"20,000 .. 50,000",42,3.0,20.0
1781010,0,"0 .. 20,000",0,3.0,9.0
945680,0,"20,000 .. 50,000",17,3.0,14.0
1386870,0,"0 .. 20,000",0,3.0,12.0
1346400,0,"50,000 .. 100,000",29,3.0,7.0
1468380,0,"0 .. 20,000",0,1.0,9.0
2662630,0,"0 .. 20,000",0,0.0,0.0
1505430,0,"0 .. 20,000",0,0.0,6.0
1383250,0,"20,000 .. 50,000",76,6.0,67.0
1400970,0,"0 .. 20,000",0,0.0,0.0
1586880,0,"0 .. 20,000",0,7.0,27.0
2493360,0,"20,000 .. 50,000",0,0.0,2.0
2337640,0,"0 .. 20,000",64,37.0,378.0
1130710,0,"0 .. 20,000",0,1.0,8.0
1060600,0,"50,000 .. 100,000",33,12.0,39.0
1139870,0,"20,000 .. 50,000",31,7.0,76.0
975150,0,"20,000 .. 50,000",0,4.0,29.0
1095040,0,"50,000 .. 100,000",167,12.0,157.0
605800,0,"0 .. 20,000",0,3.0,18.0
1592490,0,"0 .. 20,000",0,1.0,15.0
975950,0,"0 .. 20,000",1383,3.0,33.0
1787810,0,"0 .. 20,000",0,2.0,9.0
2099990,0,"0 .. 20,000",0,1.0,2.0
1698220,0,"20,000 .. 50,000",119,8.0,60.0
1145290,0,"20,000 .. 50,000",603,4.0,205.0
3246160,0,"0 .. 20,000",0,0.0,0.0
523770,0,"100,000 .. 200,000",0,2.0,32.0
1154830,0,"20,000 .. 50,000",0,2.0,47.0
1675900,0,"0 .. 20,000",374,259.0,23365.0
1240060,0,"20,000 .. 50,000",263,18.0,68.0
979310,0,"50,000 .. 100,000",0,2.0,31.0
1620720,0,"20,000 .. 50,000",119,3.0,22.0
1585440,0,"20,000 .. 50,000",708,10.0,68.0
536280,0,"500,000 .. 1,000,000",391,6.0,539.0
1154670,0,"100,000 .. 200,000",50,1.0,108.0
1318970,0,"0 .. 20,000",284,3.0,25.0
1529550,0,"0 .. 20,000",163,1.0,47.0
1966420,0,"0 .. 20,000",220,8.0,82.0
3270520,0,"0 .. 20,000",0,0.0,1.0
2211280,0,"0 .. 20,000",180,66.0,134.0
1401400,0,"0 .. 20,000",0,4.0,23.0
1299360,0,"50,000 .. 100,000",352,8.0,172.0
1293910,0,"20,000 .. 50,000",222,2.0,28.0
2527580,0,"0 .. 20,000",0,4.0,24.0
1453790,0,"50,000 .. 100,000",432,13.0,151.0
1258220,0,"20,000 .. 50,000",0,5.0,47.0
1727180,0,"0 .. 20,000",196,3.0,54.0
2024390,0,"0 .. 20,000",617,7.0,46.0
945740,0,"20,000 .. 50,000",120,1.0,27.0
2089830,0,"0 .. 20,000",193,1.0,38.0
1062340,0,"20,000 .. 50,000",0,11.0,864.0
1342620,0,"200,000 .. 500,000",116,13.0,296.0
1098292,0,"500,000 .. 1,000,000",0,,
1249110,0,"20,000 .. 50,000",13,7.0,28.0
3070400,0,"20,000 .. 50,000",0,0.0,1.0
1569220,0,"0 .. 20,000",0,0.0,16.0
2357570,0,"0 .. 20,000",4119,56695.0,164636.0
1436920,0,"0 .. 20,000",27,4.0,24.0
1947210,0,"20,000 .. 50,000",0,0.0,0.0
2933620,0,"0 .. 20,000",0,1.0,2.0
1755030,0,"20,000 .. 50,000",0,3.0,15.0
1507790,0,"0 .. 20,000",0,0.0,15.0
1649340,0,"0 .. 20,000",0,0.0,0.0
2324650,0,"0 .. 20,000",129,99.0,1916.0
2074920,0,"0 .. 20,000",2947,15047.0,264860.0
2600140,0,"0 .. 20,000",0,23.0,362.0
1094540,0,"100,000 .. 200,000",84,6.0,55.0
962700,0,"0 .. 20,000",0,3.0,25.0
1383700,0,"0 .. 20,000",0,3.0,8.0
1125330,0,"20,000 .. 50,000",224,4.0,76.0
1064840,0,"20,000 .. 50,000",0,2.0,27.0
1220370,0,"20,000 .. 50,000",53,1.0,24.0
1321070,0,"50,000 .. 100,000",208,11.0,125.0
2073850,0,"0 .. 20,000",1425,21094.0,242399.0
2685090,0,"0 .. 20,000",0,3.0,35.0
2160480,0,"20,000 .. 50,000",163,12.0,212.0
2784620,0,"0 .. 20,000",136,5.0,48.0
2076820,0,"0 .. 20,000",0,0.0,0.0
2632930,0,"100,000 .. 200,000",0,2.0,37.0
1239950,0,"0 .. 20,000",0,1.0,28.0
874040,0,"0 .. 20,000",53,6.0,46.0
1674920,0,"20,000 .. 50,000",112,59.0,113.0
1311070,0,"200,000 .. 500,000",435,21.0,149.0
1122700,0,"0 .. 20,000",34,1.0,8.0
1189800,0,"100,000 .. 200,000",1347,9.0,828.0
1522140,0,"0 .. 20,000",0,1.0,22.0
2278790,0,"0 .. 20,000",242,4.0,28.0
1155460,0,"0 .. 20,000",64,4.0,19.0
1308880,0,"20,000 .. 50,000",0,2.0,11.0
2225070,0,"0 .. 20,000",816,2161.0,21864.0
1506440,0,"0 .. 20,000",469,7.0,66.0
1211930,0,"0 .. 20,000",288,3.0,22.0
1068600,0,"0 .. 20,000",87,3.0,9.0
894620,0,"0 .. 20,000",868,2.0,10.0
935570,0,"0 .. 20,000",0,6.0,38.0
925570,0,"200,000 .. 500,000",278,22.0,178.0
1022710,0,"0 .. 20,000",472,4.0,85.0
2534370,0,"0 .. 20,000",0,6.0,42.0
831050,0,"0 .. 20,000",48,6.0,101.0
1417880,0,"100,000 .. 200,000",1406,1.0,68.0
1451120,0,"20,000 .. 50,000",41,0.0,9.0
2519060,0,"0 .. 20,000",0,0.0,3.0
957710,0,"50,000 .. 100,000",270,3.0,143.0
2008420,0,"0 .. 20,000",0,2.0,27.0
1911800,0,"0 .. 20,000",0,1.0,6.0
1337920,0,"50,000 .. 100,000",217,19.0,131.0
1426900,0,"0 .. 20,000",0,1.0,5.0
1129920,0,"20,000 .. 50,000",0,4.0,15.0
1696220,0,"20,000 .. 50,000",582,6.0,27.0
1234180,0,"0 .. 20,000",463,1.0,14.0
589670,0,"20,000 .. 50,000",31,5.0,40.0
1048740,0,"0 .. 20,000",176,11.0,15.0
1329810,0,"0 .. 20,000",0,1.0,2.0
1295790,0,"0 .. 20,000",59,2.0,15.0
1962663,0,"0 .. 20,000",0,,
1079830,0,"20,000 .. 50,000",70,7.0,299.0
2141910,0,"0 .. 20,000",3130,9202.0,17989.0
715380,0,"100,000 .. 200,000",49,12.0,157.0
451310,0,"0 .. 20,000",98,2.0,9.0
2195140,0,"0 .. 20,000",0,2.0,16.0
1205430,0,"0 .. 20,000",0,0.0,0.0
1188900,0,"20,000 .. 50,000",6,1.0,6.0
1273750,0,"0 .. 20,000",542,4.0,19.0
1243890,0,"20,000 .. 50,000",96,7.0,100.0
1910600,0,"0 .. 20,000",61,5.0,58.0
2424110,0,"0 .. 20,000",537,13.0,31.0
2069180,0,"50,000 .. 100,000",10,5.0,151.0
1243690,0,"0 .. 20,000",37,3.0,19.0
3183850,0,"0 .. 20,000",0,0.0,0.0
1941410,0,"20,000 .. 50,000",103,4.0,35.0
1803840,0,"0 .. 20,000",0,2.0,5.0
1162280,0,"100,000 .. 200,000",43,4.0,22.0
1122100,0,"20,000 .. 50,000",68,5.0,45.0
1684400,0,"0 .. 20,000",76,2.0,25.0
917840,0,"20,000 .. 50,000",1603,17.0,66.0
2742010,0,"20,000 .. 50,000",0,0.0,4.0
1163060,0,"0 .. 20,000",926,3.0,14.0
1943420,0,"0 .. 20,000",110,0.0,22.0
1287310,0,"0 .. 20,000",0,4.0,38.0
1920100,0,"50,000 .. 100,000",0,8.0,77.0
1271400,0,"20,000 .. 50,000",76,3.0,39.0
2114300,0,"50,000 .. 100,000",0,0.0,18.0
1296980,0,"20,000 .. 50,000",0,1.0,8.0
1452500,0,"20,000 .. 50,000",1488,8.0,128.0
1597580,0,"0 .. 20,000",45,3.0,15.0
853050,0,"20,000 .. 50,000",328,6.0,24.0
975510,0,"20,000 .. 50,000",1247,26.0,66.0
1449850,0,"0 .. 20,000",5008,51018.0,262333.0
1220100,0,"0 .. 20,000",0,5.0,18.0
820540,0,"20,000 .. 50,000",189,4.0,44.0
1717410,0,"0 .. 20,000",5,5.0,15.0
1453900,0,"0 .. 20,000",515,3.0,65.0
1880470,0,"200,000 .. 500,000",804,4.0,147.0
1502080,0,"50,000 .. 100,000",29,7.0,43.0
1039100,0,"20,000 .. 50,000",91,2.0,35.0
1323540,0,"20,000 .. 50,000",0,0.0,9.0
1294880,0,"20,000 .. 50,000",60,2.0,19.0
1399690,0,"20,000 .. 50,000",0,2.0,50.0
1885750,0,"50,000 .. 100,000",148,4.0,44.0
1452070,0,"20,000 .. 50,000",24,4.0,40.0
837460,0,"0 .. 20,000",553,12.0,26.0
1546100,0,"0 .. 20,000",138,2.0,24.0
907670,0,"0 .. 20,000",76,2.0,10.0
1142390,0,"50,000 .. 100,000",241,13.0,92.0
1962660,0,"0 .. 20,000",0,1.0,2.0
2834910,0,"0 .. 20,000",613,57.0,90.0
1320230,0,"20,000 .. 50,000",0,1.0,8.0
1558930,0,"20,000 .. 50,000",183,5.0,42.0
1247570,0,"0 .. 20,000",0,1.0,29.0
1760330,0,"0 .. 20,000",0,4.0,31.0
600080,0,"20,000 .. 50,000",486,4.0,27.0
1053710,0,"50,000 .. 100,000",731,16.0,127.0
1547380,0,"20,000 .. 50,000",157,4.0,33.0
1508400,0,"50,000 .. 100,000",62,4.0,88.0
2229890,0,"0 .. 20,000",453,100.0,305.0
1851030,0,"0 .. 20,000",28,0.0,32.0
1406810,0,"0 .. 20,000",1152,9.0,54.0
1140100,0,"20,000 .. 50,000",184,7.0,29.0
2680190,0,"0 .. 20,000",203,3.0,5.0
2732960,0,"0 .. 20,000",496,1975.0,2332.0
1431850,0,"50,000 .. 100,000",1402,2.0,21.0
691790,0,"50,000 .. 100,000",0,3.0,83.0
2560250,0,"0 .. 20,000",0,0.0,0.0
1030060,0,"20,000 .. 50,000",158,1.0,11.0
1358840,0,"20,000 .. 50,000",0,2.0,44.0
1374970,0,"20,000 .. 50,000",496,27.0,269.0
1913160,0,"0 .. 20,000",0,1.0,2.0
2172860,0,"0 .. 20,000",0,0.0,0.0
651490,0,"0 .. 20,000",391,6.0,22.0
1034750,0,"0 .. 20,000",388,9.0,11.0
1573390,0,"0 .. 20,000",0,3.0,13.0
2079180,0,"0 .. 20,000",0,4.0,26.0
971030,0,"20,000 .. 50,000",40,8.0,184.0
966400,0,"0 .. 20,000",0,3.0,7.0
2905090,0,"0 .. 20,000",11,6.0,14.0
886060,0,"0 .. 20,000",21,1.0,16.0
1476170,0,"0 .. 20,000",23,2.0,22.0
2132540,0,"0 .. 20,000",100,2.0,9.0
1084990,0,"0 .. 20,000",0,2.0,12.0
1621990,0,"0 .. 20,000",657,17.0,250.0
1758910,0,"200,000 .. 500,000",0,1.0,5.0
1019310,0,"100,000 .. 200,000",228,16.0,245.0
1542110,0,"0 .. 20,000",7,,
1106830,0,"0 .. 20,000",325,5.0,25.0
1592320,0,"0 .. 20,000",0,0.0,7.0
1973310,0,"0 .. 20,000",319,2.0,25.0
1072190,0,"100,000 .. 200,000",178,20.0,268.0
1337100,0,"0 .. 20,000",22,3.0,56.0
1198590,0,"20,000 .. 50,000",0,2.0,23.0
1398100,0,"50,000 .. 100,000",114,2.0,28.0
1449320,0,"100,000 .. 200,000",197,14.0,46.0
1093290,0,"20,000 .. 50,000",404,38.0,89.0
1210490,0,"0 .. 20,000",0,1.0,23.0
2009450,0,"0 .. 20,000",79,4.0,38.0
1329790,0,"0 .. 20,000",163,5.0,54.0
1490340,0,"0 .. 20,000",0,2.0,30.0
1097790,0,"0 .. 20,000",2979,6.0,75.0
1172190,0,"0 .. 20,000",0,5.0,76.0
1419290,0,"0 .. 20,000",11,2.0,11.0
1094730,0,"20,000 .. 50,000",61,6.0,173.0
1150590,0,"100,000 .. 200,000",514,11.0,657.0
1210150,0,"50,000 .. 100,000",150,13.0,132.0
2005680,0,"0 .. 20,000",246,5.0,14.0
2429640,0,"0 .. 20,000",3344,24742.0,333393.0
1388260,0,"0 .. 20,000",0,0.0,0.0
1342260,0,"0 .. 20,000",243,21.0,538.0
2376270,0,"0 .. 20,000",0,1.0,2.0
1754000,0,"0 .. 20,000",0,0.0,0.0
1080450,0,"0 .. 20,000",13,2.0,16.0
1351000,0,"0 .. 20,000",194,2.0,128.0
1266680,0,"1,000,000 .. 2,000,000",80,2.0,13.0
1098170,0,"100,000 .. 200,000",157,4.0,46.0
1136020,0,"0 .. 20,000",110,5.0,136.0
1228870,0,"20,000 .. 50,000",0,0.0,7.0
1297300,0,"100,000 .. 200,000",116,10.0,87.0
970840,0,"20,000 .. 50,000",25,7.0,16.0
1205480,0,"20,000 .. 50,000",234,29.0,102.0
1050880,0,"0 .. 20,000",0,0.0,7.0
1296290,0,"0 .. 20,000",0,1.0,12.0
544920,0,"1,000,000 .. 2,000,000",333,148.0,12513.0
2236680,0,"0 .. 20,000",3,3.0,26.0
1668190,0,"0 .. 20,000",0,2.0,24.0
887450,0,"20,000 .. 50,000",157,12.0,206.0
2139460,0,"0 .. 20,000",2294,45657.0,231343.0
1931240,0,"50,000 .. 100,000",79,10.0,20.0
838110,0,"50,000 .. 100,000",211,4.0,32.0
944430,0,"0 .. 20,000",209,1.0,29.0
1378070,0,"20,000 .. 50,000",206,2.0,78.0
