app_id,metascore,user_score
1172470,89.0,66
1938090,91.0,82
1203220,71.0,59
1086940,96.0,92
553850,82.0,75
2252570,84.0,73
2669320,76.0,28
1245620,96.0,84
2878980,79.0,48
1222670,70.0,44
1091500,86.0,73
1599340,81.0,48
2379780,90.0,84
1142710,86.0,58
427520,90.0,89
2358720,81.0,82
1364780,92.0,75
261550,77.0,79
1158310,91.0,83
526870,91.0,88
1604030,83.0,69
1551360,92.0,82
2221490,82.0,63
1237950,68.0,20
2344520,86.0,26
1151340,52.0,28
1466060,80.0,77
632360,85.0,83
1284190,81.0,55
1361210,74.0,55
1286830,85.0,61
1238810,81.0,36
1238840,88.0,75
899770,80.0,61
990080,84.0,81
1063730,75.0,70
1248130,75.0,68
949230,74.0,43
548430,85.0,84
2707930,77.0,65
2195250,75.0,27
1426210,88.0,89
1687950,95.0,87
239140,74.0,80
1293830,92.0,83
529340,81.0,62
1326470,86.0,73
1778820,90.0,75
1144200,80.0,64
1904540,80.0,70
1888930,89.0,80
1407200,80.0,34
2050650,93.0,89
1304930,75.0,77
1716740,83.0,68
1621690,85.0,75
1446780,88.0,84
1401590,70.0,61
2186680,78.0,78
686810,79.0,64
1868140,90.0,82
1284210,90.0,80
397540,81.0,56
1465360,81.0,71
1260320,76.0,77
933110,75.0,67
1794680,86.0,81
1517290,68.0,24
2071280,84.0,69
1290000,75.0,72
1190970,79.0,72
1384160,87.0,79
1328670,87.0,77
962130,83.0,78
1774580,85.0,71
1222140,78.0,87
1240440,87.0,79
782330,88.0,85
1145360,93.0,86
1677280,81.0,59
304390,78.0,61
2488620,72.0,49
2215430,87.0,84
1167630,80.0,81
1145350,95.0,86
872410,58.0,68
2679460,94.0,85
1569040,85.0,74
2113850,80.0,69
2157560,81.0,72
1669000,83.0,75
2161700,87.0,87
1876890,80.0,74
699130,67.0,63
1527950,79.0,76
1850570,85.0,81
1259420,71.0,85
1282100,80.0,71
1824220,82.0,57
1934680,83.0,79
1029690,77.0,65
1313140,82.0,79
1084600,80.0,77
1149460,67.0,55
427410,88.0,83
1325200,86.0,76
2231380,56.0,35
1244460,78.0,73
1449560,82.0,74
1222680,72.0,63
1593500,94.0,90
2208920,80.0,61
1129580,73.0,66
1627720,80.0,83
1158160,82.0,67
1506830,78.0,39
1092790,85.0,85
2321470,86.0,71
924970,77.0,53
1196590,84.0,84
2591280,81.0,73
2688950,76.0,58
1147560,80.0,69
1817070,87.0,84
2666510,81.0,77
1237970,89.0,85
1238860,81.0,64
1971870,83.0,65
1263850,85.0,65
1940340,81.0,61
934700,73.0,72
1888160,86.0,81
2420110,89.0,74
881020,80.0,83
1044720,84.0,75
1113000,93.0,91
1336490,91.0,80
1790600,81.0,83
1210320,74.0,72
753640,85.0,89
975370,93.0,85
362890,84.0,87
1286680,78.0,57
2000950,80.0,38
1501750,75.0,67
1845910,82.0,40
2835570,85.0,77
2054970,86.0,65
885970,75.0,59
1462040,89.0,84
1718570,79.0,72
2515020,87.0,84
920210,82.0,77
1151640,84.0,71
848450,82.0,71
1057090,90.0,89
1030840,78.0,76
1097150,81.0,68
2072450,89.0,85
870780,85.0,78
1272080,66.0,33
1985810,76.0,58
784080,73.0,55
2369390,73.0,54
1809540,84.0,84
1846380,77.0,59
1651560,77.0,69
1102190,86.0,79
1054490,78.0,84
1213210,82.0,87
1072040,86.0,60
1575940,76.0,83
1030830,72.0,67
1324130,81.0,75
1601580,85.0,75
1562430,80.0,79
2108330,82.0,62
2124490,86.0,91
1244090,87.0,80
2440510,84.0,68
1451190,70.0,49
1332010,83.0,83
850190,68.0,77
597180,80.0,73
1235140,84.0,82
1659420,87.0,84
668580,70.0,68
1272320,80.0,78
1222690,85.0,62
1267540,81.0,62
368260,83.0,72
694280,72.0,63
1588010,76.0,49
780290,82.0,66
756800,77.0,77
1265820,78.0,71
1105670,82.0,81
1629520,75.0,70
1124300,77.0,67
1875830,87.0,81
1488200,81.0,74
1458140,79.0,63
1637320,76.0,76
1971650,85.0,83
1096530,77.0,70
2138710,81.0,79
1295500,72.0,78
1817190,85.0,76
1676840,76.0,77
1611910,81.0,70
2933130,59.0,69
2291060,73.0,57
2231450,89.0,88
1455840,84.0,74
1084160,81.0,80
760160,77.0,55
952060,79.0,67
2218750,88.0,77
1372110,73.0,74
2064650,65.0,48
1282730,82.0,76
1433140,72.0,63
1245560,82.0,77
1128920,81.0,75
1357210,69.0,46
1180660,78.0,58
1127500,87.0,75
418530,87.0,79
1693980,89.0,85
493520,78.0,74
1785650,76.0,50
1071870,70.0,73
1583230,67.0,77
2315690,81.0,67
2198150,74.0,73
986130,69.0,71
1268750,61.0,54
898750,79.0,69
2005010,75.0,75
1549970,69.0,56
1150440,75.0,76
1545560,85.0,65
2840770,72.0,71
763890,86.0,76
1161580,83.0,74
2395210,89.0,85
2561580,85.0,71
851850,73.0,80
1222700,78.0,79
861650,67.0,61
1782120,81.0,68
1135690,83.0,75
1672970,70.0,67
1207650,81.0,81
1577120,79.0,65
633230,61.0,58
2478970,75.0,76
1218210,73.0,75
2187220,85.0,79
2853730,59.0,33
1681430,72.0,77
2140020,80.0,81
1692250,79.0,42
2058190,82.0,85
780310,83.0,81
1157390,77.0,75
860510,82.0,83
1644320,75.0,73
2698940,76.0,72
1337520,84.0,80
1088850,80.0,84
719040,85.0,77
1338770,73.0,71
1641960,66.0,73
979690,74.0,75
960990,70.0,80
1735700,81.0,81
1259980,74.0,58
1113560,83.0,83
1937500,73.0,73
1262580,61.0,39
1496790,67.0,53
2455640,79.0,82
1605220,73.0,63
1321440,83.0,84
2114740,84.0,83
546560,93.0,91
2058180,80.0,85
745920,73.0,61
1382330,83.0,78
960910,87.0,84
1199030,82.0,73
1498570,79.0,75
2239550,76.0,59
2000890,78.0,66
874390,72.0,81
2401970,85.0,81
1089090,75.0,79
1649080,83.0,73
736820,76.0,74
1487210,79.0,79
1451090,84.0,76
1280930,86.0,75
990630,83.0,77
1341290,76.0,78
1016920,77.0,72
740130,87.0,82
1369630,86.0,82
1896700,82.0,85
1351080,76.0,46
680420,73.0,60
1062810,80.0,63
839770,74.0,58
2725260,84.0,82
1426450,74.0,73
1158850,86.0,88
1139900,81.0,79
2290180,77.0,68
1205970,55.0,43
1253920,88.0,74
814370,74.0,77
1121640,75.0,0
1147860,91.0,75
2084000,88.0,82
1202130,70.0,72
3035570,76.0,70
2155180,85.0,58
788100,74.0,65
1522820,77.0,70
1536620,74.0,0
1533420,89.0,82
1562700,83.0,84
2933080,52.0,46
1043810,87.0,81
315210,60.0,35
1448440,80.0,67
700600,75.0,55
578650,85.0,78
1556790,67.0,66
1931770,86.0,85
835960,88.0,85
1887840,78.0,75
1484280,80.0,74
257420,68.0,71
1466640,79.0,77
1237320,70.0,81
2076010,80.0,56
1353230,75.0,84
2996040,73.0,76
1182900,82.0,83
1556100,69.0,67
1574580,83.0,69
1262560,84.0,63
1113120,72.0,72
1337760,74.0,66
1531540,77.0,65
1378990,85.0,80
629820,70.0,66
1262540,66.0,61
867210,78.0,72
2229870,84.0,84
1164940,79.0,75
1249970,53.0,40
793460,73.0,70
1277400,81.0,82
1581770,77.0,78
610370,86.0,82
1643310,74.0,78
1328660,75.0,62
1041720,72.0,70
1458100,71.0,68
553420,85.0,79
1811990,80.0,80
858820,73.0,70
1684350,74.0,70
807120,78.0,75
1658280,79.0,71
1408610,63.0,35
1065310,73.0,69
1262350,81.0,84
1547890,74.0,68
1262240,77.0,59
1658150,80.0,75
757320,78.0,71
1805480,81.0,74
536270,64.0,59
377300,65.0,60
1585180,78.0,85
1229240,90.0,84
1963570,79.0,73
1951410,73.0,75
1649950,84.0,63
837470,81.0,78
2751000,86.0,84
1003590,88.0,75
970830,72.0,79
1593030,79.0,66
933820,72.0,69
656350,83.0,68
1475810,75.0,71
2230110,75.0,62
607080,87.0,81
1211630,75.0,76
674140,75.0,76
1099410,75.0,60
1351240,51.0,47
1895880,88.0,85
1163550,69.0,69
826630,75.0,67
1701520,79.0,77
1740720,81.0,74
1094520,66.0,59
1238820,89.0,77
682990,59.0,48
1574820,76.0,87
1388590,83.0,85
1850510,83.0,81
1817230,87.0,88
1985820,73.0,37
1493640,78.0,77
482400,78.0,76
2172010,70.0,67
1123770,78.0,69
1649240,86.0,74
1413480,76.0,77
1715130,66.0,75
1656780,82.0,63
2138610,84.0,78
1238060,78.0,64
1382070,84.0,79
1295920,75.0,75
1020790,68.0,53
2703850,67.0,70
1222730,79.0,57
2287220,79.0,67
1677350,76.0,63
2375550,78.0,83
1624540,70.0,71
1388880,85.0,81
2221920,81.0,76
1839950,72.0,61
1983260,80.0,77
813230,90.0,80
2052040,78.0,77
601840,84.0,73
1177980,79.0,75
1703340,90.0,83
1260520,84.0,87
2272900,66.0,55
1220140,68.0,72
1252330,88.0,68
973810,74.0,70
2750080,54.0,35
987840,80.0,78
985890,84.0,81
1148760,91.0,79
1179580,74.0,45
742420,61.0,33
1469610,80.0,79
2369900,89.0,74
1902690,81.0,80
1227690,73.0,73
1128860,72.0,26
2475490,88.0,79
882100,77.0,48
803050,78.0,73
1874170,66.0,63
1257290,81.0,76
2477340,77.0,54
1672500,76.0,72
2396240,81.0,78
1049410,74.0,77
1150530,72.0,53
790710,69.0,52
2144740,80.0,75
2109370,72.0,78
2436570,83.0,78
2296990,82.0,78
1702330,68.0,62
1587130,80.0,72
1590910,74.0,72
900040,64.0,69
1944430,77.0,76
774181,89.0,83
1276760,53.0,52
1608070,78.0,76
1580240,81.0,83
1602010,84.0,77
1040230,76.0,64
1374840,80.0,58
775500,80.0,75
758870,89.0,76
978300,74.0,69
2603020,68.0,62
1274600,72.0,70
1939970,75.0,73
2008920,88.0,79
1307710,76.0,63
1237980,73.0,51
1818750,75.0,55
1874490,80.0,78
1024650,68.0,52
918570,73.0,64
894020,85.0,81
969990,68.0,88
1358700,72.0,66
1796220,83.0,75
1677770,84.0,78
874260,85.0,81
1434950,74.0,77
936790,81.0,69
1515210,68.0,73
1202200,65.0,43
1361510,85.0,80
604540,63.0,58
2634890,87.0,86
1712350,86.0,80
907650,65.0,63
1760250,69.0,17
893850,79.0,80
1668510,80.0,74
1227530,74.0,71
981430,84.0,78
897450,76.0,67
2380050,73.0,65
1623070,75.0,70
977880,82.0,70
1422440,82.0,63
1480560,72.0,48
2272250,83.0,76
1276790,80.0,75
1225570,77.0,76
1544020,69.0,68
2067050,63.0,63
1599660,79.0,82
1061910,79.0,75
1069160,76.0,84
2638370,87.0,78
1184050,80.0,78
1178830,67.0,70
550320,79.0,69
1030210,65.0,35
1281590,72.0,74
2021880,74.0,64
2527390,83.0,54
953490,75.0,75
1954200,81.0,82
1076200,78.0,69
1794960,78.0,75
1716120,70.0,67
1268590,69.0,58
2356560,76.0,72
1436700,78.0,75
1262600,80.0,63
1446650,76.0,77
1386780,67.0,61
1755910,77.0,72
1668540,81.0,76
1556200,56.0,57
2637990,79.0,77
1771980,78.0,80
1582650,73.0,63
1136370,72.0,60
1668520,81.0,79
1272160,82.0,83
1340480,85.0,69
1170080,74.0,72
1552350,75.0,0
1233570,69.0,59
988910,83.0,70
1205520,86.0,77
1283410,81.0,76
750130,71.0,61
1567020,69.0,60
2071500,79.0,83
1194630,71.0,66
956030,82.0,80
1937780,74.0,59
1675830,86.0,81
738520,71.0,68
1939160,82.0,86
1356670,80.0,83
1967430,83.0,79
1395030,87.0,70
597820,66.0,60
2741560,77.0,84
895620,73.0,80
1578650,82.0,75
1812090,79.0,80
1140270,80.0,79
466630,81.0,74
2012510,74.0,48
1115690,75.0,75
1355090,79.0,80
1123050,81.0,75
1874000,73.0,45
1282150,70.0,77
2370170,81.0,75
2510710,80.0,76
1240210,87.0,79
1147550,82.0,81
2446550,58.0,31
2111190,88.0,82
2238900,86.0,82
1137300,69.0,69
2445990,76.0,73
1291340,63.0,63
690040,78.0,68
1570010,73.0,69
1354830,69.0,0
1840080,75.0,31
998740,74.0,71
1222370,62.0,61
1004750,79.0,59
1451810,73.0,59
2230650,83.0,70
1622910,74.0,75
1622900,65.0,46
1238880,73.0,54
1766740,56.0,68
1100410,60.0,24
2195410,81.0,79
2111170,72.0,71
1590760,78.0,65
1816300,73.0,77
1072500,69.0,62
1271100,56.0,55
924980,76.0,76
1335790,71.0,73
1540210,73.0,71
1998340,83.0,59
424370,60.0,56
1585220,77.0,85
1644940,77.0,83
1135300,63.0,51
1792250,70.0,78
1283400,72.0,79
1287840,73.0,47
824600,86.0,84
2305840,80.0,80
2878600,66.0,55
921800,73.0,68
1029210,82.0,64
2490990,75.0,82
751630,76.0,66
1266700,67.0,72
1328350,86.0,80
798490,78.0,69
553540,71.0,58
2085000,76.0,58
1432050,79.0,74
1133760,74.0,58
850320,78.0,69
1619520,87.0,0
651670,77.0,65
2379390,73.0,52
2223840,68.0,57
1392960,71.0,69
916840,81.0,84
2021210,72.0,73
2719200,82.0,0
1097200,76.0,66
1167750,73.0,63
958400,70.0,40
1938010,79.0,66
1977170,85.0,76
1898290,75.0,56
1999770,81.0,74
1956040,81.0,41
2366980,89.0,76
1419160,77.0,63
2481020,81.0,74
1522160,76.0,75
1610440,86.0,75
964800,84.0,77
1097130,82.0,61
1903620,82.0,74
1978590,79.0,74
914800,76.0,74
1138660,75.0,79
1634860,87.0,85
1574240,73.0,73
1920480,78.0,59
1196470,67.0,69
465200,76.0,74
594330,81.0,62
1286350,74.0,71
1203710,82.0,83
1289380,60.0,24
2243710,76.0,75
2386310,81.0,79
1038250,79.0,55
1037020,76.0,58
2102450,69.0,60
1449200,85.0,84
1082430,77.0,85
913740,77.0,68
2229560,82.0,61
1580520,75.0,79
1205450,74.0,73
768520,65.0,58
803330,70.0,77
1343240,69.0,64
1981570,76.0,0
1042490,75.0,71
1167450,69.0,81
731040,72.0,78
814000,73.0,70
960690,82.0,78
1876590,79.0,71
1368030,71.0,67
1368870,75.0,65
1082180,74.0,51
1462570,78.0,75
1496590,77.0,66
1271700,75.0,69
707030,31.0,41
1904860,68.0,71
2215260,79.0,73
1519090,71.0,68
2216830,74.0,70
1310410,63.0,71
1517970,72.0,76
2060130,87.0,76
841190,72.0,60
1239520,63.0,3
698670,70.0,65
1179210,68.0,68
811320,78.0,77
2134770,74.0,70
1685750,79.0,70
1282410,77.0,73
2076140,80.0,79
2739830,72.0,0
1158370,64.0,60
1155970,83.0,83
871980,70.0,81
1073910,72.0,73
1138850,75.0,70
628670,64.0,65
1229380,81.0,76
1731070,71.0,71
2233120,67.0,69
1425350,82.0,74
1058450,68.0,54
1357860,84.0,75
1622350,66.0,63
1749750,68.0,48
757310,76.0,61
1885110,77.0,82
2420660,87.0,83
1306630,59.0,74
1621310,82.0,79
1402120,74.0,76
1153640,73.0,68
1213700,59.0,64
1472660,63.0,49
473950,85.0,77
1931010,76.0,72
1859470,71.0,76
1406850,81.0,74
2292260,78.0,67
1844380,67.0,68
2014550,76.0,68
2461850,81.0,74
1195290,70.0,72
1663220,79.0,70
1649010,69.0,72
1367590,72.0,80
957960,78.0,67
1416050,81.0,68
1249040,77.0,85
1347780,81.0,78
1154810,78.0,73
1118240,70.0,60
1087760,70.0,68
1046400,82.0,67
1832040,70.0,48
566440,59.0,28
978520,76.0,68
746850,73.0,76
1777620,74.0,69
1840800,78.0,72
1119980,75.0,81
787810,78.0,76
1608640,81.0,77
1013140,69.0,73
1328840,84.0,82
1730590,80.0,73
1497440,88.0,80
1337010,79.0,79
1286990,80.0,80
1388870,73.0,66
999220,80.0,64
1449280,66.0,71
1849900,82.0,67
2051120,77.0,67
1089830,70.0,59
1295270,77.0,65
2731870,80.0,81
1324340,64.0,75
1979440,71.0,75
785790,84.0,82
1062830,72.0,66
1456760,83.0,76
1641700,80.0,68
1599020,78.0,81
1893810,85.0,76
1341820,77.0,77
1101190,74.0,74
1209490,68.0,64
1201270,85.0,77
996770,74.0,72
1000010,83.0,68
1009290,58.0,59
1155330,75.0,79
1493750,72.0,70
1134100,67.0,65
2803280,74.0,0
2717880,80.0,74
2379910,79.0,57
1013220,66.0,0
2254740,74.0,71
1294810,56.0,36
1574260,82.0,76
1112890,57.0,59
760650,64.0,40
1602080,68.0,62
1898500,85.0,74
1286320,67.0,54
1191630,79.0,77
1812370,84.0,80
1669420,82.0,80
2394650,82.0,80
1931730,60.0,64
1069690,72.0,46
1647550,80.0,79
1627570,83.0,73
2081080,72.0,30
2217580,81.0,78
1182620,80.0,79
1680880,64.0,43
2017080,77.0,67
1532690,80.0,71
1654660,76.0,66
1413870,67.0,82
1904790,64.0,81
1051690,82.0,73
515960,73.0,71
1420290,83.0,84
226620,82.0,78
2694420,88.0,75
1414850,65.0,55
1437400,72.0,47
1996430,79.0,73
1116580,78.0,75
1670870,75.0,80
1410640,81.0,84
1402110,68.0,77
2287330,77.0,84
1272840,76.0,70
1345890,69.0,62
2106840,85.0,89
1040420,82.0,67
1341200,61.0,56
2085370,75.0,78
1330470,80.0,76
2272400,80.0,78
2494780,63.0,0
919360,79.0,78
1928870,71.0,56
1743850,88.0,74
754890,68.0,74
1676130,81.0,75
1380420,78.0,82
1045720,74.0,73
1436590,72.0,86
983970,73.0,76
1371720,80.0,74
1206060,81.0,76
1062140,73.0,70
1552810,65.0,59
1967260,67.0,70
1949030,75.0,71
1196090,64.0,66
2009100,69.0,61
1485590,75.0,76
1225560,78.0,80
2213300,77.0,70
981890,69.0,52
1299510,66.0,38
1766100,75.0,65
1497950,75.0,55
1920780,76.0,78
1996010,84.0,80
1492680,77.0,81
1975440,70.0,71
1889740,75.0,88
1038370,81.0,65
1123450,90.0,77
1429850,81.0,82
1282690,76.0,68
795420,84.0,78
945770,68.0,75
1110910,76.0,62
2653940,71.0,69
1413660,70.0,70
729000,78.0,74
1591530,75.0,72
982290,76.0,74
674930,72.0,63
1242980,73.0,68
1000410,72.0,66
1799930,78.0,68
1311510,81.0,66
1158890,74.0,67
2123640,74.0,64
1190170,84.0,71
1432100,80.0,73
1108590,76.0,66
1314000,67.0,71
1553000,67.0,47
1658290,71.0,66
2059660,77.0,80
2398170,77.0,78
2006140,76.0,77
1924360,82.0,68
1937620,71.0,0
2060590,77.0,0
1157220,73.0,72
2304640,82.0,70
1608230,80.0,78
824550,74.0,73
1390410,76.0,74
1783360,79.0,70
720560,75.0,75
1194810,73.0,56
2001340,84.0,79
1285670,76.0,77
1160220,81.0,73
2014380,81.0,75
826940,64.0,57
1638230,54.0,0
1135910,54.0,12
1182310,80.0,79
1283230,63.0,50
1373960,80.0,70
1108000,74.0,72
1235100,74.0,72
1231990,74.0,69
1244950,72.0,65
1046790,73.0,62
1227780,70.0,79
1137350,82.0,61
1913210,64.0,52
1309950,81.0,67
1279630,64.0,61
1759380,76.0,65
1046300,79.0,77
1037130,80.0,71
1889930,78.0,80
1867510,69.0,58
1776380,69.0,73
2378620,84.0,87
1574310,73.0,72
1607240,74.0,67
269190,60.0,60
1454970,69.0,39
2095340,70.0,65
1660840,76.0,68
1386900,79.0,75
1747760,84.0,74
1298140,73.0,79
962580,59.0,73
593150,74.0,71
1069530,74.0,68
1710540,72.0,71
1866180,72.0,63
1839940,69.0,56
1003090,71.0,56
1221250,89.0,74
1334730,72.0,69
1491670,79.0,64
1186640,71.0,69
1257360,82.0,82
1823930,76.0,61
2366970,86.0,82
1546310,78.0,53
1634150,73.0,73
1446350,61.0,43
1299690,78.0,78
2544110,84.0,88
1233260,71.0,73
1477940,59.0,19
824000,62.0,45
2097230,82.0,78
1373430,73.0,68
1122120,74.0,0
865680,79.0,76
1457080,78.0,67
2737300,77.0,82
598550,82.0,79
2313020,68.0,68
1140290,79.0,63
1296360,82.0,74
1955230,74.0,73
1577250,68.0,71
1421490,74.0,73
910830,77.0,54
2633500,60.0,0
1472930,75.0,44
1229580,83.0,70
1921480,73.0,56
1538970,66.0,53
1173220,63.0,63
1265780,33.0,15
1843310,54.0,60
866140,80.0,77
1232460,69.0,70
1057750,63.0,66
2362090,76.0,80
1658920,59.0,50
2153350,79.0,74
1186040,70.0,61
1659600,79.0,76
1361400,63.0,50
2238040,82.0,79
914750,58.0,56
906100,75.0,67
1331210,76.0,63
1370140,65.0,67
2851150,74.0,65
1324530,77.0,67
1981610,58.0,62
1872680,79.0,66
1426010,85.0,81
2305500,79.0,61
994140,73.0,76
1233590,64.0,41
2235020,70.0,66
1919470,89.0,81
1561340,83.0,67
1036890,76.0,69
363860,68.0,71
1543710,78.0,71
1085220,76.0,65
1962430,66.0,73
1438480,75.0,78
1259380,69.0,72
720350,72.0,74
1101360,72.0,61
1214650,59.0,45
1121420,81.0,80
1296450,69.0,0
1521970,72.0,68
1229460,70.0,72
2076580,78.0,63
541310,76.0,73
854940,73.0,77
1726120,80.0,63
878670,67.0,77
1370050,71.0,63
1730680,78.0,80
1273560,74.0,65
1333200,75.0,67
1095120,79.0,0
829280,79.0,80
1484900,68.0,78
2304440,72.0,66
1167140,69.0,65
2596420,81.0,76
1755100,83.0,75
762840,70.0,62
730430,68.0,69
1269640,84.0,76
1266030,77.0,70
2206210,72.0,70
1430220,73.0,72
1409830,73.0,63
1252830,69.0,76
1921980,83.0,59
924750,69.0,67
609920,74.0,68
1736290,69.0,70
1336180,73.0,71
2652000,65.0,50
1042380,74.0,68
1375400,74.0,69
2139300,61.0,73
1319460,80.0,67
1119700,70.0,74
762940,66.0,51
938560,78.0,78
1144770,73.0,72
721180,68.0,12
1661630,77.0,68
1135260,65.0,50
1519710,67.0,60
890720,78.0,65
1982340,64.0,68
2275150,71.0,63
2138090,76.0,76
898890,75.0,77
1403440,61.0,54
1351210,59.0,61
1393370,74.0,77
1084640,82.0,77
1205900,80.0,71
944920,68.0,0
1580180,81.0,77
1107790,60.0,59
1061880,72.0,34
1191900,67.0,61
1946700,75.0,69
1140890,71.0,62
1011190,69.0,79
861250,82.0,71
1998330,72.0,70
2231190,82.0,55
1225580,70.0,62
612570,74.0,78
1062110,84.0,77
1708010,75.0,62
1164050,79.0,63
2229940,77.0,81
1097110,71.0,63
889910,78.0,72
1523650,72.0,38
1335230,86.0,74
1771360,84.0,74
948640,57.0,59
1608700,67.0,0
1574270,77.0,83
2535440,70.0,78
1333470,65.0,62
1582680,76.0,63
1530470,65.0,66
1610460,74.0,56
2316580,76.0,48
581660,66.0,53
1911360,75.0,65
1959390,83.0,79
2060790,69.0,74
1385100,74.0,56
1782330,83.0,65
1099640,75.0,74
1049710,73.0,67
1345820,79.0,56
773370,81.0,70
1942010,77.0,68
916350,80.0,65
814680,78.0,72
1119600,67.0,73
1137450,67.0,55
1132910,61.0,70
1220150,71.0,70
1341050,51.0,51
1297330,77.0,68
2437040,68.0,0
1393750,79.0,62
1600910,76.0,0
985950,82.0,67
1896880,80.0,74
1932160,65.0,56
598730,75.0,71
2337820,73.0,21
1346010,71.0,59
1147330,64.0,0
1294420,79.0,69
1783680,77.0,50
1867530,77.0,73
702680,72.0,66
374190,84.0,76
1114290,78.0,69
1399700,64.0,0
1016790,69.0,61
1423600,77.0,77
1514930,69.0,67
809060,70.0,67
941570,74.0,58
967390,68.0,50
1678420,52.0,58
1098770,88.0,72
465100,75.0,67
679110,54.0,41
1502560,66.0,73
1263070,59.0,51
1248080,74.0,65
1581480,86.0,79
1575470,74.0,67
1223910,56.0,58
2794770,68.0,69
1041920,84.0,68
733210,74.0,73
1172650,67.0,61
1000760,70.0,77
2738750,58.0,62
1946070,73.0,58
1602560,72.0,64
1345760,58.0,67
1015940,82.0,69
1998450,90.0,78
1307660,54.0,43
1304340,66.0,0
1350200,87.0,68
1178210,76.0,72
995980,77.0,75
1071130,78.0,80
840210,48.0,47
1506510,82.0,58
1184760,84.0,66
1104380,75.0,71
1671360,69.0,62
1612780,71.0,70
2223740,67.0,71
1960110,74.0,61
1125910,78.0,82
730390,69.0,75
1539620,66.0,65
969760,76.0,67
1162130,64.0,52
986310,68.0,58
1924430,79.0,76
1630110,57.0,62
2516170,65.0,0
1012570,70.0,0
1246250,64.0,0
2131010,80.0,80
1150950,77.0,74
1614270,72.0,59
1325890,71.0,53
2769080,75.0,72
1983970,69.0,0
1499120,83.0,82
1668530,75.0,71
1371690,65.0,69
1912380,55.0,52
762220,75.0,68
1110050,75.0,67
725270,81.0,63
865610,72.0,67
946030,76.0,70
254370,65.0,75
1456880,84.0,80
1976950,81.0,0
989440,72.0,60
1733240,65.0,59
1353270,79.0,66
628200,69.0,64
968370,68.0,74
1671410,71.0,58
1430680,69.0,68
2162020,70.0,69
1368130,66.0,67
858030,47.0,55
2602020,77.0,80
1045180,68.0,66
739080,71.0,64
840390,69.0,34
1421790,75.0,0
1399080,71.0,74
1015890,56.0,63
2243670,78.0,71
1139280,77.0,58
2660410,64.0,61
2081400,76.0,75
968870,66.0,56
985900,81.0,71
1405790,74.0,47
1568970,85.0,80
1310330,81.0,53
1422420,77.0,83
1579280,70.0,54
1229420,66.0,0
1402320,66.0,67
690120,68.0,67
1674640,43.0,36
1190400,72.0,74
1154040,77.0,82
2146570,76.0,56
1592540,75.0,62
1497360,67.0,63
982720,66.0,58
2103680,84.0,79
1209410,68.0,70
3061910,67.0,0
1843540,65.0,72
750200,54.0,63
1154790,74.0,75
2015960,64.0,0
1113570,75.0,75
2193050,78.0,75
347800,79.0,69
762180,64.0,0
1284090,54.0,0
1369520,77.0,78
1115780,67.0,73
1662480,80.0,48
1191260,68.0,38
1223500,81.0,65
1050370,77.0,71
1178140,82.0,64
1619230,75.0,0
1831700,66.0,71
1225590,69.0,61
1082680,61.0,70
1302050,67.0,83
1532460,49.0,0
2562900,74.0,68
959860,73.0,62
599610,74.0,70
883360,72.0,69
1640320,71.0,0
1651960,72.0,64
596000,69.0,61
1337530,75.0,0
1121780,68.0,51
623280,53.0,31
1991300,85.0,76
1424980,70.0,65
1001800,73.0,80
1267930,79.0,0
1377920,50.0,20
1540350,77.0,72
768450,64.0,71
735290,77.0,63
593640,60.0,88
1544360,79.0,68
922050,83.0,76
2471130,85.0,74
1309620,79.0,68
931310,53.0,0
1277130,65.0,64
910490,73.0,67
1035560,65.0,73
817020,52.0,57
1164060,79.0,73
1024480,70.0,59
1969440,72.0,61
2556990,79.0,77
695330,76.0,76
1419620,81.0,73
2161620,74.0,59
2104880,59.0,0
2008510,70.0,66
1672310,70.0,82
1903910,69.0,78
2060870,79.0,58
2172180,70.0,0
1640630,76.0,70
1546920,86.0,75
1058690,77.0,70
926580,76.0,70
1075200,65.0,0
1451080,81.0,59
951750,79.0,72
1989320,61.0,82
1170060,81.0,68
794960,71.0,65
1146310,70.0,70
1739900,81.0,70
1293730,66.0,72
1905020,38.0,49
1811040,75.0,59
1037120,71.0,77
1650810,74.0,73
1301950,79.0,65
2543760,75.0,73
1600370,65.0,36
2215540,53.0,82
2450820,86.0,82
1213750,60.0,72
1422410,67.0,42
2082270,76.0,22
1432850,80.0,85
2081470,84.0,78
1183850,52.0,44
899310,73.0,76
1122680,80.0,75
1042670,57.0,73
912570,76.0,66
1195360,67.0,75
989790,82.0,73
1666250,70.0,55
1060210,51.0,60
1647730,65.0,61
1617220,80.0,55
1177030,47.0,90
1280300,75.0,81
1781010,83.0,75
945680,69.0,81
1386870,76.0,79
1346400,76.0,0
1468380,62.0,0
2662630,77.0,56
1505430,53.0,63
1383250,80.0,0
1400970,75.0,47
1586880,80.0,0
2493360,71.0,0
2337640,78.0,73
1130710,62.0,0
1060600,84.0,80
1139870,48.0,24
975150,74.0,53
1095040,69.0,16
605800,65.0,65
1592490,77.0,96
975950,68.0,67
1787810,78.0,84
2099990,69.0,72
1698220,70.0,64
1145290,57.0,50
3246160,69.0,71
523770,43.0,67
1154830,61.0,57
1675900,64.0,74
1240060,81.0,54
979310,67.0,70
1620720,71.0,63
1585440,73.0,70
536280,62.0,58
1154670,53.0,30
1318970,84.0,0
1529550,66.0,39
1966420,75.0,60
3270520,90.0,80
2211280,69.0,38
1401400,56.0,0
1299360,74.0,74
1293910,77.0,0
2527580,53.0,55
1453790,72.0,53
1258220,71.0,42
1727180,84.0,73
2024390,63.0,59
945740,53.0,0
2089830,75.0,54
1062340,67.0,65
1342620,73.0,55
1098292,76.0,72
1249110,63.0,65
3070400,72.0,69
1569220,39.0,0
2357570,79.0,19
1436920,73.0,73
1947210,83.0,76
2933620,82.0,62
1755030,70.0,78
1507790,59.0,0
1649340,66.0,66
2324650,82.0,85
2074920,57.0,62
2600140,78.0,0
1094540,75.0,57
962700,68.0,72
1383700,65.0,66
1125330,57.0,66
1064840,40.0,67
1220370,65.0,67
1321070,75.0,38
2073850,80.0,68
2685090,77.0,88
2160480,61.0,67
2784620,79.0,74
2076820,84.0,76
2632930,68.0,0
1239950,73.0,0
874040,67.0,79
1674920,77.0,70
1311070,74.0,71
1122700,76.0,54
1189800,66.0,63
1522140,48.0,68
2278790,86.0,79
1155460,59.0,0
1308880,60.0,49
2225070,74.0,50
1506440,69.0,68
1211930,75.0,74
1068600,44.0,28
894620,76.0,61
935570,56.0,56
925570,44.0,59
1022710,60.0,52
2534370,63.0,66
831050,60.0,63
1417880,60.0,36
1451120,83.0,45
2519060,56.0,24
957710,51.0,20
2008420,36.0,31
1911800,66.0,52
1337920,68.0,64
1426900,58.0,0
1129920,83.0,76
1696220,77.0,76
1234180,73.0,83
589670,74.0,62
1048740,69.0,0
1329810,61.0,0
1295790,71.0,60
1962663,79.0,42
1079830,74.0,76
2141910,84.0,31
715380,49.0,58
451310,77.0,58
2195140,73.0,71
1205430,73.0,51
1188900,70.0,0
1273750,66.0,0
1243890,69.0,66
1910600,85.0,76
2424110,71.0,66
2069180,78.0,0
1243690,63.0,58
3183850,76.0,78
1941410,74.0,65
1803840,66.0,59
1162280,69.0,0
1122100,62.0,60
1684400,65.0,68
917840,80.0,53
2742010,65.0,0
1163060,87.0,70
1943420,73.0,0
1287310,68.0,72
1920100,82.0,82
1271400,78.0,63
2114300,64.0,0
1296980,59.0,60
1452500,62.0,59
1597580,59.0,75
853050,74.0,69
975510,77.0,76
1449850,80.0,60
1220100,76.0,67
820540,75.0,68
1717410,61.0,77
1453900,61.0,42
1880470,58.0,62
1502080,78.0,85
1039100,70.0,0
1323540,65.0,58
1294880,54.0,58
1399690,63.0,55
1885750,83.0,83
1452070,69.0,72
837460,82.0,83
1546100,79.0,74
907670,77.0,78
1142390,39.0,64
1962660,75.0,53
2834910,77.0,82
1320230,59.0,60
1558930,65.0,59
1247570,59.0,0
1760330,65.0,0
600080,76.0,54
1053710,65.0,56
1547380,69.0,54
1508400,76.0,70
2229890,75.0,76
1851030,62.0,0
1406810,65.0,68
1140100,75.0,49
2680190,81.0,80
2732960,83.0,87
1431850,64.0,0
691790,63.0,0
2560250,78.0,75
1030060,58.0,66
1358840,74.0,0
1374970,75.0,72
1913160,44.0,84
2172860,82.0,71
651490,73.0,0
1034750,63.0,66
1573390,57.0,0
2079180,90.0,66
971030,54.0,40
966400,68.0,0
2905090,57.0,53
886060,65.0,37
1476170,59.0,0
2132540,75.0,0
1084990,54.0,42
1621990,60.0,64
1758910,80.0,82
1019310,75.0,73
1542110,61.0,79
1106830,81.0,69
1592320,58.0,36
1973310,72.0,63
1072190,62.0,0
1337100,62.0,0
1198590,64.0,0
1398100,65.0,54
1449320,61.0,72
1093290,76.0,73
1210490,49.0,0
2009450,74.0,0
1329790,63.0,0
1490340,76.0,38
1097790,59.0,69
1172190,66.0,60
1419290,69.0,80
1094730,58.0,0
1150590,67.0,75
1210150,68.0,43
2005680,73.0,0
2429640,72.0,52
1388260,72.0,75
1342260,81.0,76
2376270,65.0,60
1754000,79.0,62
1080450,79.0,60
1351000,49.0,47
1266680,52.0,0
1098170,74.0,62
1136020,56.0,0
1228870,73.0,0
1297300,59.0,56
970840,54.0,30
1205480,61.0,49
1050880,62.0,0
1296290,61.0,87
544920,74.0,68
2236680,83.0,69
1668190,78.0,84
887450,68.0,56
2139460,71.0,59
1931240,84.0,88
838110,74.0,80
944430,86.0,64
1378070,50.0,47
